date,CPI_combined,CPI_rural,CPI_urban,CPI_industrial_2001,CPI_industrial_2016,WPI,WPI_primary,WPI_fuel,WPI_manufactured,CPI_inflation_yoy,CPI_rural_inflation_yoy,CPI_urban_inflation_yoy,WPI_inflation_yoy,CPI_inflation_mom
2006-04-30,,,,120.0,,,,,,,,,,
2006-05-31,,,,121.0,,,,,,,,,,
2006-06-30,,,,123.0,,,,,,,,,,
2006-07-31,,,,124.0,,,,,,,,,,
2006-08-31,,,,124.0,,,,,,,,,,
2006-09-30,,,,125.0,,,,,,,,,,
2006-10-31,,,,127.0,,,,,,,,,,
2006-11-30,,,,127.0,,,,,,,,,,
2006-12-31,,,,127.0,,,,,,,,,,
2007-01-31,,,,127.0,,,,,,,,,,
2007-02-28,,,,128.0,,,,,,,,,,
2007-03-31,,,,127.0,,,,,,,,,,
2007-04-30,,,,128.0,,,,,,,,,,
2007-05-31,,,,129.0,,,,,,,,,,
2007-06-30,,,,130.0,,,,,,,,,,
2007-07-31,,,,132.0,,,,,,,,,,
2007-08-31,,,,133.0,,,,,,,,,,
2007-09-30,,,,133.0,,,,,,,,,,
2007-10-31,,,,134.0,,,,,,,,,,
2007-11-30,,,,134.0,,,,,,,,,,
2007-12-31,,,,134.0,,,,,,,,,,
2008-01-31,,,,134.0,,,,,,,,,,
2008-02-29,,,,135.0,,,,,,,,,,
2008-03-31,,,,137.0,,,,,,,,,,
2008-04-30,,,,138.0,,,,,,,,,,
2008-05-31,,,,139.0,,,,,,,,,,
2008-06-30,,,,140.0,,,,,,,,,,
2008-07-31,,,,143.0,,,,,,,,,,
2008-08-31,,,,145.0,,,,,,,,,,
2008-09-30,,,,146.0,,,,,,,,,,
2008-10-31,,,,148.0,,,,,,,,,,
2008-11-30,,,,148.0,,,,,,,,,,
2008-12-31,,,,147.0,,,,,,,,,,
2009-01-31,,,,148.0,,,,,,,,,,
2009-02-28,,,,148.0,,,,,,,,,,
2009-03-31,,,,148.0,,,,,,,,,,
2009-04-30,,,,150.0,,,,,,,,,,
2009-05-31,,,,151.0,,,,,,,,,,
2009-06-30,,,,153.0,,,,,,,,,,
2009-07-31,,,,160.0,,,,,,,,,,
2009-08-31,,,,162.0,,,,,,,,,,
2009-09-30,,,,163.0,,,,,,,,,,
2009-10-31,,,,165.0,,,,,,,,,,
2009-11-30,,,,168.0,,,,,,,,,,
2009-12-31,,,,169.0,,,,,,,,,,
2010-01-31,,,,172.0,,,,,,,,,,
2010-02-28,,,,170.0,,,,,,,,,,
2010-03-31,,,,170.0,,,,,,,,,,
2010-04-30,,,,170.0,,,,,,,,,,
2010-05-31,,,,172.0,,,,,,,,,,
2010-06-30,,,,174.0,,,,,,,,,,
2010-07-31,,,,178.0,,,,,,,,,,
2010-08-31,,,,178.0,,,,,,,,,,
2010-09-30,,,,179.0,,,,,,,,,,
2010-10-31,,,,181.0,,,,,,,,,,
2010-11-30,,,,182.0,,,,,,,,,,
2010-12-31,,,,185.0,,,,,,,,,,
2011-01-31,,,,188.0,,,,,,,,,,
2011-02-28,,,,185.0,,,,,,,,,,
2011-03-31,,,,185.0,,,,,,,,,,
2011-04-30,,107.5,104.5,186.0,,,,,,,,,,
2011-05-31,,108.7,105.0,187.0,,,,,,,,,,
2011-06-30,,109.9,107.3,189.0,,,,,,,,,,
2011-07-31,,111.7,108.9,193.0,,,,,,,,,,
2011-08-31,,113.1,109.9,194.0,,,,,,,,,,
2011-09-30,,114.4,111.1,197.0,,,,,,,,,,
2011-10-31,,115.2,112.0,198.0,,,,,,,,,,
2011-11-30,,115.4,112.5,199.0,,,,,,,,,,
2011-12-31,,114.5,112.3,197.0,,,,,,,,,,
2012-01-31,,114.9,112.8,198.0,,,,,,,,,,
2012-02-29,,115.4,113.5,199.0,,,,,,,,,,
2012-03-31,,116.2,114.6,201.0,,,,,,,,,,
2012-04-30,,117.9,116.1,205.0,,104.7,107.1,106.3,103.5,,9.67441860465117,11.10047846889952,,
2012-05-31,,119.1,117.1,206.0,,105.3,107.5,106.7,104.2,,9.567617295308173,11.523809523809515,,
2012-06-30,,120.5,118.5,208.0,,105.3,107.9,105.5,104.4,,9.645131938125573,10.438024231127674,,
2012-07-31,,122.6,119.9,212.0,,106.2,111.4,103.5,104.9,,9.758281110116386,10.1010101010101,,
2012-08-31,,124.3,121.1,214.0,,106.9,112.7,104.8,105.3,,9.902740937223697,10.191082802547768,,
2012-09-30,,125.6,121.9,215.0,,107.6,112.0,108.1,105.9,,9.790209790209769,9.720972097209724,,
2012-10-31,,126.6,122.6,217.0,,107.4,111.0,107.5,106.1,,9.895833333333325,9.464285714285703,,
2012-11-30,,126.9,123.4,218.0,,107.3,112.2,106.7,105.6,,9.965337954939347,9.688888888888902,,
2012-12-31,,126.8,124.0,219.0,,107.1,111.9,107.1,105.3,,10.74235807860262,10.418521816562777,,
2013-01-31,104.6,105.1,104.0,221.0,,108.0,113.8,108.9,105.8,,-8.52915578764144,-7.801418439716312,,
2013-02-28,105.3,105.8,104.7,223.0,,108.4,115.2,109.8,105.8,,-8.318890814558067,-7.753303964757707,,0.6692160611854625
2013-03-31,105.5,106.0,105.0,224.0,,108.6,114.6,109.8,106.2,,-8.777969018932874,-8.376963350785338,,0.18993352326686086
2013-04-30,106.1,106.4,105.7,226.0,,108.6,114.6,108.0,106.5,,-9.754028837998307,-8.957795004306623,3.72492836676217,0.5687203791469031
2013-05-31,106.9,107.2,106.6,228.0,,108.6,116.8,105.2,106.4,,-9.991603694374474,-8.966695132365498,3.1339031339031376,0.7540056550424223
2013-06-30,109.3,108.9,109.7,231.0,,110.1,120.5,107.9,106.8,,-9.62655601659751,-7.426160337552745,4.55840455840455,2.2450888681010195
2013-07-31,111.0,110.7,111.4,235.0,,111.2,121.7,112.0,107.4,,-9.706362153344205,-7.08924103419516,4.708097928436916,1.5553522415370669
2013-08-31,112.4,112.1,112.7,237.0,,112.9,125.6,114.2,108.1,,-9.814963797264687,-6.936416184971095,5.612722170252571,1.2612612612612706
2013-09-30,113.7,114.2,113.2,238.0,,114.3,126.0,119.2,109.1,,-9.0764331210191,-7.136997538966372,6.226765799256517,1.1565836298932375
2013-10-31,114.8,115.5,114.0,241.0,,114.6,128.4,117.0,109.2,,-8.767772511848337,-7.014681892332786,6.703910614525133,0.9674582233949014
2013-11-30,116.3,117.4,115.0,243.0,,114.3,128.4,116.2,108.9,,-7.486209613869188,-6.807131280388978,6.523765144454807,1.3066202090592283
2013-12-31,114.5,115.5,113.3,239.0,,113.4,123.3,118.3,109.0,,-8.911671924290221,-8.629032258064518,5.882352941176472,-1.5477214101461745
2014-01-31,113.6,114.2,112.9,237.0,,113.6,121.2,119.9,109.5,8.604206500956014,8.658420551855395,8.55769230769232,5.185185185185182,-0.7860262008733687
2014-02-28,113.6,114.0,113.1,238.0,,113.6,121.1,118.9,109.9,7.882241215574548,7.750472589792068,8.022922636103136,4.797047970479684,0.0
2014-03-31,114.2,114.6,113.7,239.0,,114.3,121.4,119.3,110.7,8.24644549763034,8.113207547169798,8.285714285714295,5.248618784530379,0.528169014084523
2014-04-30,115.1,115.4,114.7,242.0,,114.1,121.5,116.5,111.0,8.482563619227147,8.458646616541344,8.51466414380322,5.064456721915289,0.7880910683012221
2014-05-31,115.8,116.0,115.6,244.0,,114.8,124.0,116.2,111.3,8.325537885874645,8.208955223880587,8.442776735459656,5.7090239410681365,0.6081668114682914
2014-06-30,116.7,117.0,116.4,246.0,,115.2,125.7,115.1,111.5,6.770356816102474,7.438016528925617,6.10756608933456,4.632152588555871,0.7772020725388629
2014-07-31,119.2,119.5,118.9,252.0,,116.7,130.1,117.1,111.8,7.387387387387401,7.949412827461599,6.732495511669656,4.9460431654676285,2.142245072836335
2014-08-31,120.3,120.7,119.9,253.0,,117.2,131.5,116.6,112.3,7.028469750889665,7.671721677074039,6.388642413487133,3.8086802480070903,0.9228187919463116
2014-09-30,120.1,120.9,119.2,253.0,,116.4,129.4,114.9,112.2,5.628847845206675,5.86690017513134,5.300353356890453,1.8372703412073532,-0.16625103906899863
2014-10-31,120.1,121.0,119.1,253.0,,115.6,127.3,112.6,112.1,4.616724738675959,4.761904761904767,4.473684210526319,0.8726003490401313,0.0
2014-11-30,120.1,121.1,119.0,253.0,,114.1,126.5,106.6,111.3,3.267411865864145,3.151618398637135,3.4782608695652195,-0.17497812773403787,0.0
2014-12-31,119.4,120.3,118.4,253.0,,112.1,123.1,101.3,110.5,4.279475982532754,4.155844155844157,4.501323918799649,-1.1463844797178213,-0.5828476269775118
2015-01-31,119.5,120.3,118.5,254.0,,110.8,120.8,94.5,110.6,5.193661971830998,5.341506129597184,4.9601417183348095,-2.464788732394363,0.08375209380233617
2015-02-28,119.7,120.6,118.7,253.0,,109.6,120.7,88.5,110.1,5.369718309859173,5.789473684210522,4.951370468611849,-3.5211267605633756,0.16736401673640433
2015-03-31,120.2,121.1,119.1,254.0,,109.9,120.1,92.0,110.0,5.25394045534151,5.671902268760909,4.74934036939314,-3.849518810148722,0.41771094402673903
2015-04-30,120.7,121.5,119.7,256.0,,110.2,121.5,91.3,110.1,4.865334491746309,5.285961871750433,4.359197907585011,-3.4180543382997253,0.4159733777038266
2015-05-31,121.6,122.4,120.7,258.0,,111.4,123.4,95.5,110.5,5.008635578583753,5.517241379310356,4.4117647058823595,-2.9616724738675937,0.7456503728251684
2015-06-30,123.0,124.1,121.7,261.0,,111.8,124.9,96.4,110.3,5.398457583547556,6.068376068376069,4.553264604811003,-2.951388888888895,1.1513157894736947
2015-07-31,123.6,124.7,122.4,263.0,,111.1,124.3,93.8,109.9,3.691275167785224,4.351464435146446,2.9436501261564274,-4.798628963153395,0.4878048780487809
2015-08-31,124.8,126.1,123.2,264.0,,110.0,125.4,87.6,109.2,3.7406483790523692,4.473902236951122,2.752293577981657,-6.1433447098976135,0.9708737864077666
2015-09-30,125.4,127.0,123.5,266.0,,109.9,125.9,85.7,109.2,4.412989175686932,5.045492142266328,3.6073825503355694,-5.584192439862545,0.48076923076922906
2015-10-31,126.1,127.7,124.2,269.0,,110.1,126.4,85.6,109.4,4.995836802664444,5.5371900826446385,4.282115869017633,-4.757785467128029,0.5582137161084466
2015-11-30,126.6,128.3,124.6,270.0,,109.9,127.1,85.5,108.8,5.412156536219825,5.945499587118097,4.705882352941182,-3.6809815950920144,0.3965107057890549
2015-12-31,126.1,127.9,124.0,269.0,,109.4,126.7,84.8,108.4,5.611390284757101,6.3175394846217925,4.729729729729715,-2.408563782337192,-0.3949447077409185
2016-01-31,126.3,128.1,124.2,269.0,,108.0,124.3,79.8,108.0,5.690376569037658,6.483790523690769,4.810126582278484,-2.527075812274371,0.15860428231562196
2016-02-29,126.0,127.9,123.8,267.0,,107.1,122.1,75.5,108.3,5.263157894736836,6.053067993366512,4.296545914069072,-2.2810218978102204,-0.23752969121140222
2016-03-31,126.0,128.0,123.8,268.0,,107.7,123.0,76.5,108.8,4.825291181364388,5.6977704376548255,3.946263643996639,-2.0018198362147466,0.0
2016-04-30,127.3,129.0,125.3,271.0,,109.0,126.1,78.3,109.2,5.468102734051361,6.172839506172845,4.678362573099415,-1.0889292196007316,1.031746031746028
2016-05-31,128.6,130.3,126.6,275.0,,110.4,128.8,81.3,109.8,5.756578947368429,6.454248366013071,4.88815244407621,-0.8976660682226245,1.021209740769824
2016-06-30,130.1,131.9,128.1,277.0,,111.7,132.0,85.2,110.0,5.772357723577226,6.2852538275584235,5.258833196384538,-0.08944543828264262,1.1664074650077794
2016-07-31,131.1,133.0,129.0,280.0,,111.8,131.8,84.7,110.3,6.067961165048552,6.655974338412185,5.392156862745101,0.6300630063006407,0.768639508070712
2016-08-31,131.1,133.5,128.4,278.0,,111.2,131.4,81.1,110.2,5.048076923076916,5.868358445678035,4.220779220779214,1.090909090909098,0.0
2016-09-30,130.9,133.4,128.0,277.0,,111.4,130.6,83.2,110.4,4.385964912280693,5.039370078740157,3.6437246963562764,1.364877161055511,-0.15255530129670847
2016-10-31,131.4,133.8,128.6,278.0,,111.5,129.1,84.6,110.8,4.203013481364004,4.776820673453419,3.5426731078904927,1.2715712988192518,0.381970970206269
2016-11-30,131.2,133.6,128.5,277.0,,111.9,128.8,87.3,111.0,3.633491311216419,4.130943102104423,3.1300160513643815,1.8198362147406666,-0.15220700152208666
2016-12-31,130.4,132.8,127.6,275.0,,111.7,126.8,88.4,111.1,3.4099920697858943,3.8311180609851503,2.9032258064516148,2.10237659963437,-0.609756097560965
2017-01-31,130.3,132.4,127.8,274.0,,112.6,126.7,93.1,111.6,3.1670625494853555,3.3567525370804097,2.898550724637672,4.2592592592592515,-0.07668711656441118
2017-02-28,130.6,132.6,128.2,274.0,,113.0,127.0,94.5,111.8,3.650793650793638,3.6747458952306467,3.554119547657497,5.50887021475257,0.2302379125095788
2017-03-31,130.9,132.8,128.7,275.0,,113.2,127.1,93.6,112.3,3.8888888888888973,3.750000000000009,3.9579967689822304,5.106778087279484,0.22970903522205877
2017-04-30,131.1,132.9,129.1,277.0,,113.2,127.4,91.7,112.6,2.9850746268656803,3.023255813953485,3.032721468475663,3.8532110091743066,0.15278838808250317
2017-05-31,131.4,133.3,129.3,278.0,,112.9,126.6,90.9,112.6,2.1772939346812015,2.3023791250959214,2.1327014218009532,2.264492753623193,0.22883295194509046
2017-06-30,132.0,133.9,129.9,280.0,,112.7,126.5,89.6,112.6,1.460415065334364,1.5163002274450443,1.4051522248243575,0.8952551477170889,0.45662100456620447
2017-07-31,134.2,136.2,131.8,285.0,,113.9,132.6,88.4,112.6,2.3646071700991644,2.406015037593967,2.170542635658923,1.878354203935606,1.6666666666666607
2017-08-31,135.4,137.8,132.7,285.0,,114.8,135.3,89.1,112.8,3.279938977879482,3.2209737827715523,3.3489096573208643,3.237410071942448,0.8941877794336861
2017-09-30,135.2,137.6,132.4,285.0,,114.9,131.5,91.9,113.7,3.2849503437738514,3.1484257871064347,3.4375000000000044,3.1418312387791802,-0.1477104874446189
2017-10-31,136.1,138.3,133.5,287.0,,115.6,133.9,93.8,113.7,3.5768645357686424,3.363228699551568,3.810264385692075,3.6771300448430466,0.6656804733727872
2017-11-30,137.6,140.0,134.8,288.0,,116.4,136.0,94.6,114.0,4.878048780487809,4.790419161676662,4.902723735408565,4.021447721179627,1.102130786186617
2017-12-31,137.2,139.8,134.1,286.0,,115.7,131.7,95.5,114.2,5.21472392638036,5.2710843373493965,5.094043887147337,3.5810205908684,-0.29069767441860517
2018-01-31,136.9,139.3,134.1,288.0,,116.0,129.9,97.5,114.9,5.065234075211045,5.211480362537779,4.929577464788726,3.0195381882770933,-0.21865889212826506
2018-02-28,136.4,138.5,134.0,287.0,,116.1,128.0,98.8,115.5,4.441041347626351,4.4494720965309265,4.5241809672387,2.743362831858409,-0.36523009495982306
2018-03-31,136.5,138.7,134.0,287.0,,116.3,128.2,98.0,115.8,4.278074866310155,4.442771084337327,4.118104118104138,2.738515901060068,0.07331378299120228
2018-04-30,137.1,139.1,134.8,288.0,,117.3,130.7,99.0,116.3,4.576659038901609,4.665161775771254,4.415182029434561,3.621908127208484,0.439560439560438
2018-05-31,137.8,139.8,135.4,289.0,,118.3,131.4,102.4,116.9,4.87062404870624,4.876219054763697,4.717710750193338,4.782993799822854,0.510576221735981
2018-06-30,138.5,140.5,136.2,291.0,,119.1,132.5,104.4,117.3,4.924242424242431,4.929051530993278,4.849884526558879,5.67879325643299,0.5079825834542806
2018-07-31,139.8,141.8,137.5,301.0,,119.9,135.3,104.4,117.7,4.172876304023854,4.111600587371522,4.324734446130485,5.267778753292363,0.9386281588447787
2018-08-31,140.4,142.5,138.0,301.0,,120.1,135.2,104.9,117.8,3.692762186115206,3.41074020319303,3.9939713639788987,4.616724738675959,0.42918454935620964
2018-09-30,140.2,142.1,138.1,301.0,,120.9,135.5,107.8,118.4,3.698224852071008,3.2703488372092915,4.3051359516616206,5.22193211488251,-0.14245014245015675
2018-10-31,140.7,142.2,138.9,302.0,,122.0,137.2,111.3,118.9,3.3798677443056535,2.819956616052055,4.044943820224733,5.536332179930792,0.3566333808844524
2018-11-30,140.8,142.4,139.0,302.0,,121.6,136.8,109.3,118.8,2.3255813953488413,1.7142857142857126,3.115727002967361,4.4673539518900185,0.0710732054015839
2018-12-31,140.1,141.9,138.0,301.0,,119.7,133.5,102.8,118.3,2.1137026239067103,1.5021459227467782,2.9082774049216997,3.457216940363006,-0.49715909090910504
2019-01-31,139.6,141.0,138.0,307.0,,119.2,133.8,99.3,118.1,1.9722425127830512,1.220387652548438,2.9082774049216997,2.758620689655178,-0.35688793718772205
2019-02-28,139.9,141.0,138.6,307.0,,119.5,134.1,100.5,118.2,2.56598240469208,1.8050541516245522,3.432835820895508,2.9285099052541064,0.21489971346706493
2019-03-31,140.4,141.2,139.5,309.0,,119.9,134.5,102.5,118.3,2.857142857142869,1.8024513338139814,4.104477611940305,3.095442820292349,0.3573981415296634
2019-04-30,141.2,141.7,140.6,312.0,,121.1,139.3,102.8,118.5,2.9905178701677526,1.869158878504673,4.302670623145377,3.239556692242118,0.5698005698005604
2019-05-31,142.0,142.4,141.5,314.0,,121.6,140.3,104.4,118.6,3.0478955007256836,1.8597997138769529,4.5051698670605544,2.789518174133554,0.56657223796035
2019-06-30,142.9,143.6,142.1,316.0,,121.5,141.0,102.2,118.5,3.1768953068592065,2.206405693950164,4.33186490455213,2.015113350125941,0.6338028169014187
2019-07-31,144.2,144.9,143.3,319.0,,121.3,142.8,100.6,118.0,3.147353361945626,2.186177715091664,4.218181818181832,1.1676396997497784,0.9097270818754222
2019-08-31,145.0,145.7,144.2,320.0,,121.5,144.0,101.2,117.8,3.276353276353272,2.2456140350877174,4.492753623188395,1.1656952539550458,0.554785020804438
2019-09-30,145.8,146.7,144.7,322.0,,121.3,143.0,100.6,117.9,3.9942938659058624,3.2371569317382054,4.779145546705288,0.3308519437551727,0.5517241379310533
2019-10-31,147.2,148.3,146.0,325.0,,122.0,145.5,102.3,117.8,4.619758351101644,4.289732770745447,5.111591072714172,0.0,0.9602194787379892
2019-11-30,148.6,149.9,147.0,328.0,,122.3,147.2,101.3,117.8,5.539772727272707,5.266853932584259,5.755395683453246,0.5756578947368363,0.9510869565217517
2019-12-31,150.4,152.3,148.3,330.0,,123.0,148.9,103.2,118.0,7.351891506067099,7.329105003523617,7.463768115942027,2.7568922305764465,1.211305518169592
2020-01-31,150.2,151.9,148.2,330.0,,123.4,147.2,104.7,118.8,7.59312320916905,7.730496453900715,7.391304347826089,3.523489932885915,-0.13297872340426453
2020-02-29,149.1,150.4,147.7,328.0,,122.2,142.8,103.6,118.8,6.576125804145816,6.666666666666665,6.565656565656552,2.259414225941425,-0.7323568575232975
2020-03-31,148.6,149.8,147.3,326.0,,120.4,137.4,99.5,118.6,5.840455840455827,6.0906515580736675,5.591397849462365,0.417014178482078,-0.3353454057679395
2020-04-30,151.4,151.9,150.9,329.0,,119.2,137.8,89.8,118.7,7.223796033994345,7.1983062808751,7.32574679943101,-1.5689512799339278,1.8842530282638048
2020-05-31,150.9,151.2,150.6,330.0,,117.5,137.3,80.3,118.2,6.26760563380282,6.179775280898858,6.431095406360421,-3.3717105263157854,-0.33025099075296716
2020-06-30,151.8,152.7,150.8,332.0,,119.3,140.9,85.6,118.6,6.2281315605318355,6.337047353760439,6.1224489795918435,-1.8106995884773713,0.5964214711729587
2020-07-31,153.9,154.7,152.9,336.0,,121.0,145.1,90.7,118.7,6.726768377253833,6.763285024154575,6.6992323796231545,-0.2473206924979321,1.383399209486158
2020-08-31,154.7,155.4,154.0,338.0,,122.0,146.7,92.0,119.4,6.689655172413778,6.657515442690465,6.796116504854388,0.4115226337448652,0.5198180636777128
2020-09-30,156.4,157.5,155.2,,118.1,122.9,148.8,91.9,120.1,7.270233196159115,7.361963190184051,7.256392536281964,1.3190436933223415,1.0989010989011172
2020-10-31,158.4,159.8,156.7,,119.5,123.6,151.8,90.9,120.4,7.608695652173925,7.754551584625768,7.328767123287672,1.3114754098360715,1.278772378516635
2020-11-30,158.9,160.7,156.9,,119.9,125.1,152.8,94.2,121.6,6.931359353970401,7.204803202134746,6.7346938775510345,2.289452166802941,0.31565656565657463
2020-12-31,157.3,158.5,156.0,,118.8,125.4,148.0,96.9,123.3,4.58776595744681,4.070912672357174,5.192178017532023,1.9512195121951237,-1.0069225928256764
2021-01-31,156.3,156.8,155.8,,118.2,126.5,144.9,100.7,125.3,4.061251664447418,3.2258064516129004,5.128205128205154,2.5121555915721183,-0.6357279084551859
2021-02-28,156.6,156.7,156.5,,119.0,128.1,147.1,105.7,126.0,5.030181086519114,4.188829787234027,5.958023019634395,4.828150572831413,0.19193857965449368
2021-03-31,156.8,156.7,156.9,,119.6,129.9,147.4,109.2,127.9,5.5181695827725585,4.606141522029361,6.517311608961296,7.890365448504988,0.12771392081738497
2021-04-30,157.8,157.6,158.0,,120.1,132.0,151.5,108.9,129.9,4.2272126816380595,3.7524687294272496,4.705102717031151,10.738255033557053,0.6377551020408267
2021-05-31,160.4,161.1,159.5,,120.6,132.9,150.2,109.8,131.5,6.295559973492382,6.547619047619047,5.909694555112877,13.106382978723419,1.6476552598225558
2021-06-30,161.3,162.1,160.4,,121.7,133.7,153.0,110.7,131.6,6.258234519104078,6.155861165684362,6.366047745358094,12.070410729253966,0.5610972568578676
2021-07-31,162.5,163.2,161.8,,122.8,135.0,154.3,115.2,132.3,5.588044184535401,5.494505494505497,5.8207979071288385,11.570247933884303,0.7439553626782391
2021-08-31,162.9,163.6,162.2,,123.0,136.2,155.4,117.9,133.2,5.30058177117001,5.276705276705274,5.32467532467531,11.63934426229507,0.2461538461538515
2021-09-30,163.2,164.0,162.3,,123.3,137.4,157.7,119.0,134.0,4.347826086956519,4.1269841269841345,4.574742268041243,11.79820992676972,0.18416206261508972
2021-10-31,165.5,166.3,164.6,,124.9,140.7,163.0,126.0,135.9,4.4823232323232265,4.067584480600761,5.041480536056153,13.834951456310684,1.4093137254902022
2021-11-30,166.7,167.6,165.6,,125.7,143.7,168.4,136.0,136.6,4.908747640025157,4.29371499688862,5.544933078393877,14.868105515587526,0.7250755287008914
2021-12-31,166.2,167.0,165.2,,125.4,143.3,168.4,133.8,136.5,5.657978385251106,5.362776025236604,5.897435897435899,14.274322169059017,-0.29994001199760145
2022-01-31,165.7,166.4,165.0,,125.1,143.8,167.5,135.3,137.2,6.01407549584132,6.1224489795918435,5.905006418485237,13.675889328063251,-0.30084235860409203
2022-02-28,166.1,166.7,165.5,,125.0,145.3,167.5,138.3,138.9,6.066411238825031,6.381620931716658,5.7507987220447365,13.427010148321639,0.24140012070006378
2022-03-31,167.7,168.7,166.5,,126.0,148.9,170.9,143.9,142.3,6.951530612244894,7.6579451180599944,6.118546845124273,14.626635873749038,0.9632751354605729
2022-04-30,170.1,170.8,169.2,,127.7,152.3,174.5,151.2,144.7,7.794676806083634,8.375634517766507,7.088607594936702,15.37878787878788,1.4311270125223707
2022-05-31,171.7,172.5,170.8,,129.0,155.0,178.5,163.6,145.0,7.044887780548614,7.076350093109873,7.08463949843261,16.62904439428141,0.9406231628453776
2022-06-30,172.6,173.6,171.4,,129.2,155.4,181.5,167.1,143.9,7.005579665220085,7.0943861813695275,6.857855361595999,16.23036649214662,0.5241700640652436
2022-07-31,173.4,174.3,172.3,,129.9,154.0,177.1,166.6,143.2,6.707692307692303,6.801470588235303,6.4894932014833095,14.074074074074083,0.4634994206257348
2022-08-31,174.3,175.3,173.1,,130.2,153.2,178.3,159.2,143.2,6.998158379373853,7.151589242053791,6.720098643649819,12.481644640234958,0.519031141868509
2022-09-30,175.3,176.4,174.1,,131.3,151.9,175.9,158.4,142.2,7.414215686274517,7.560975609756104,7.270486752926675,10.55312954876273,0.5737234652897216
2022-10-31,176.7,177.9,175.3,,132.5,152.9,181.2,158.0,141.9,6.767371601208461,6.975345760673468,6.500607533414349,8.67093105899077,0.7986309184255358
2022-11-30,176.5,177.8,175.0,,132.5,152.5,178.4,162.8,141.3,5.87882423515298,6.085918854415295,5.676328502415462,6.123869171885876,-0.11318619128465324
2022-12-31,175.7,177.1,174.1,,132.3,150.5,172.9,158.0,141.1,5.7160048134777375,6.04790419161676,5.387409200968518,5.024424284717366,-0.45325779036827774
2023-01-31,176.5,177.8,174.9,,132.8,150.7,174.3,155.6,141.4,6.517803258901633,6.850961538461542,6.000000000000005,4.798331015299007,0.4553215708594349
2023-02-28,176.8,177.9,175.6,,132.7,150.9,173.6,157.6,141.6,6.441902468392535,6.718656268746259,6.102719033232629,3.8540949759118925,0.16997167138810276
2023-03-31,177.2,178.0,176.3,,133.3,151.0,175.2,156.4,141.3,5.66487775790101,5.512744516893897,5.8858858858859,1.410342511752849,0.2262443438913797
2023-04-30,178.1,178.8,177.4,,134.2,151.1,177.8,152.7,141.4,4.7031158142269325,4.683840749414525,4.84633569739954,-0.7879185817465606,0.5079006772009009
2023-05-31,179.1,179.8,178.2,,134.7,149.4,175.1,148.6,140.6,4.309842748980786,4.231884057971014,4.332552693208425,-3.612903225806452,0.5614823133071267
2023-06-30,181.0,181.9,179.9,,136.4,148.9,176.1,146.2,139.9,4.866743916570115,4.7811059907834075,4.959159859976658,-4.182754182754178,1.06085985482971
2023-07-31,186.3,187.6,184.7,,139.7,152.1,191.7,145.4,139.5,7.439446366782021,7.6305220883533975,7.196749854904216,-1.2337662337662425,2.9281767955801064
2023-08-31,186.2,187.6,184.5,,139.2,152.5,190.3,149.1,139.9,6.827309236947787,7.016543069024528,6.585788561525141,-0.4569190600522077,-0.05367686527107951
2023-09-30,184.1,185.8,182.2,,137.5,151.8,183.6,153.1,140.4,5.019965772960622,5.328798185941053,4.652498564043639,-0.06583278472679366,-1.1278195488721776
2023-10-31,185.3,187.0,183.4,,138.4,152.5,185.3,155.5,140.4,4.867006225240544,5.115233277121978,4.620650313747854,-0.2616088947024253,0.6518196632265161
2023-11-30,186.3,188.2,184.2,,139.1,153.1,187.6,156.2,140.2,5.552407932011327,5.849268841394806,5.257142857142849,0.39344262295082366,0.5396654074473872
2023-12-31,185.7,187.6,183.6,,138.8,151.8,182.8,155.8,140.0,5.691519635742748,5.928853754940722,5.456634118322801,0.8637873754152814,-0.32206119162642155
2024-01-31,185.5,187.3,183.5,,138.9,151.2,181.4,154.9,139.7,5.099150141643061,5.343082114735664,4.917095483133216,0.33178500331785266,-0.1077005923532548
2024-02-29,185.8,187.4,184.0,,139.2,151.2,181.5,154.9,139.8,5.090497737556565,5.340078695896566,4.783599088838275,0.1988071570576455,0.16172506738545422
2024-03-31,185.8,187.8,183.6,,138.9,151.4,183.2,152.1,140.1,4.853273137697522,5.505617977528088,4.140669313669876,0.26490066225166586,0.0
2024-04-30,186.7,188.5,184.7,,139.4,152.9,187.1,151.4,141.2,4.828747894441321,5.425055928411626,4.114994363021407,1.191264063534092,0.4843918191603791
2024-05-31,187.7,189.4,185.7,,139.9,153.5,188.1,150.1,142.0,4.801786711334444,5.339265850945485,4.208754208754217,2.7443105756358666,0.5356186395286455
2024-06-30,190.2,192.2,187.8,,141.4,154.0,192.3,146.9,142.0,5.082872928176796,5.662451896646492,4.391328515842141,3.4251175285426427,1.331912626531695
2024-07-31,193.0,195.3,190.3,,142.7,155.3,197.8,148.2,141.7,3.596349973161561,4.104477611940305,3.0319436924743037,2.103879026955968,1.4721345951629994
2024-08-31,193.0,195.4,190.3,,142.6,154.4,195.1,148.3,141.3,3.6519871106337254,4.157782515991482,3.143631436314376,1.2459016393442601,0.0
2024-09-30,194.2,196.7,191.4,,143.3,154.7,195.5,147.2,141.9,5.4861488321564345,5.86652314316467,5.049396267837558,1.9104084321475368,0.6217616580310725
2024-10-31,196.8,199.5,193.7,,144.5,156.7,200.6,148.8,142.9,6.206152185644909,6.68449197860963,5.616139585605229,2.7540983606557212,1.338825952626177
2024-11-30,196.5,199.4,193.2,,144.5,156.4,197.9,149.9,143.1,5.475040257648955,5.951115834218923,4.885993485342022,2.155453951665587,-0.1524390243902496
2024-12-31,195.4,198.4,192.0,,143.7,155.7,193.8,151.8,143.0,5.223478729133024,5.756929637526653,4.575163398692816,2.5691699604742935,-0.5597964376590325
2025-01-31,193.4,195.9,190.6,,143.2,155.0,189.7,152.0,143.4,4.258760107816717,4.591564335290976,3.869209809264307,2.5132275132275117,-1.0235414534288667
2025-02-28,192.5,194.5,190.1,,142.8,154.9,186.8,153.4,144.0,3.6060279870828715,3.7886872998932786,3.315217391304337,2.447089947089953,-0.46535677352637084
2025-03-31,192.0,193.9,189.9,,143.0,154.8,185.5,152.1,144.6,3.336921420882666,3.2481363152289555,3.431372549019618,2.245706737120212,-0.2597402597402598
2025-04-30,192.6,194.0,190.9,,143.5,154.2,185.4,145.7,144.9,3.160149973219073,2.917771883289122,3.356794802382246,0.8502289077828573,0.31250000000000444
2025-05-31,193.0,194.3,191.5,,144.0,153.7,184.8,142.9,145.0,2.823654768247219,2.5871172122492014,3.123317178244478,0.13029315960910726,0.20768431983384517
2025-06-30,194.2,195.5,192.6,,145.0,153.7,186.1,142.3,144.7,2.103049421661418,1.7169614984391401,2.555910543130979,-0.1948051948052032,0.6217616580310725
2025-07-31,196.1,197.6,194.3,,146.5,154.4,188.5,143.7,144.6,1.6062176165803077,1.177675371223752,2.1019442984760994,-0.5795235028976164,0.9783728115345003
2025-08-31,197.0,198.7,195.0,,147.1,155.2,191.0,143.5,145.0,2.0725388601036343,1.6888433981576245,2.4697845507094085,0.5181347150258864,0.45894951555329744
2025-09-30,197.0,198.8,194.9,,147.3,154.9,189.0,143.4,145.2,1.4418125643666402,1.067615658362997,1.8286311389759557,0.12928248222368044,0.0
2025-10-31,197.3,199.0,195.4,,,154.8,188.2,145.0,145.1,0.2540650406503975,-0.25062656641604564,0.8776458440888035,-1.2125079770261449,0.1522842639593902
