year,month,exports_rupees,exports_usd,exports_oil_rupees,exports_oil_usd,exports_nonoil_rupees,exports_nonoil_usd,imports_rupees,imports_usd,imports_oil_rupees,imports_oil_usd,imports_nonoil_rupees,imports_nonoil_usd,trade_balance_rupees,trade_balance_usd,trade_balance_oil_rupees,trade_balance_oil_usd,trade_balance_nonoil_rupees,trade_balance_nonoil_usd,date,trade_openness,import_cover_ratio,exports_growth_yoy,imports_growth_yoy
,1990-04-01,2480.0,1435.0,,,,,3234.0,1872.0,,,,,-754.0,-436.0,,,,,1990-04-01,5714.0,0.766852195423624,,
,1990-05-01,2597.0,1496.0,,,,,3129.0,1802.0,,,,,-532.0,-306.0,,,,,1990-05-01,5726.0,0.8299776286353467,,
,1990-06-01,2303.0,1322.0,,,,,2878.0,1652.0,,,,,-575.0,-330.0,,,,,1990-06-01,5181.0,0.8002084781097984,,
,1990-07-01,2556.0,1471.0,,,,,3058.0,1760.0,,,,,-502.0,-289.0,,,,,1990-07-01,5614.0,0.8358404185742315,,
,1990-08-01,2583.0,1484.0,,,,,3223.0,1852.0,,,,,-640.0,-368.0,,,,,1990-08-01,5806.0,0.8014272417002792,,
,1990-09-01,2582.0,1447.0,,,,,3825.0,2144.0,,,,,-1243.0,-697.0,,,,,1990-09-01,6407.0,0.6750326797385621,,
,1990-10-01,2559.0,1414.0,,,,,3738.0,2066.0,,,,,-1180.0,-652.0,,,,,1990-10-01,6297.0,0.6845906902086677,,
,1990-11-01,2632.0,1456.0,,,,,4472.0,2474.0,,,,,-1840.0,-1018.0,,,,,1990-11-01,7104.0,0.5885509838998211,,
1990.0,1990-12-01,2920.0,1613.0,,,,,4143.0,2289.0,,,,,-1223.0,-676.0,,,,,1990-12-01,7063.0,0.704803282645426,,
,1991-01-01,3036.0,1660.0,,,,,4123.0,2254.0,,,,,-1086.0,-594.0,,,,,1991-01-01,7159.0,0.7363570215862236,,
,1991-02-01,2866.0,1519.0,,,,,3657.0,1938.0,,,,,-791.0,-419.0,,,,,1991-02-01,6523.0,0.7837024883784522,,
,1991-03-01,3439.0,1791.0,,,,,3714.0,1934.0,,,,,-275.0,-143.0,,,,,1991-03-01,7153.0,0.9259558427571352,,
,1991-04-01,2977.0,1501.0,,,,,3072.0,1548.0,,,,,-94.0,-48.0,,,,,1991-04-01,6049.0,0.9690755208333334,20.040322580645164,-5.0092764378478645
,1991-05-01,2732.0,1330.0,,,,,3224.0,1570.0,,,,,-492.0,-240.0,,,,,1991-05-01,5956.0,0.847394540942928,5.198305737389286,3.0361137743688094
,1991-06-01,2666.0,1269.0,,,,,3615.0,1721.0,,,,,-950.0,-452.0,,,,,1991-06-01,6281.0,0.7374827109266944,15.76204950065132,25.608061153578877
,1991-07-01,3376.0,1326.0,,,,,3391.0,1332.0,,,,,-15.0,-6.0,,,,,1991-07-01,6767.0,0.995576526098496,32.081377151799686,10.889470241988231
,1991-08-01,3645.0,1422.0,,,,,3927.0,1532.0,,,,,-281.0,-110.0,,,,,1991-08-01,7572.0,0.9281894576012223,41.11498257839721,21.843003412969274
,1991-09-01,3931.0,1518.0,,,,,4083.0,1577.0,,,,,-152.0,-59.0,,,,,1991-09-01,8014.0,0.9627724712221406,52.246320681642146,6.74509803921568
,1991-10-01,3668.0,1421.0,,,,,4338.0,1681.0,,,,,-670.0,-260.0,,,,,1991-10-01,8006.0,0.8455509451360074,43.337241109808524,16.0513643659711
,1991-11-01,3670.0,1420.0,,,,,3996.0,1546.0,,,,,-325.0,-126.0,,,,,1991-11-01,7666.0,0.9184184184184184,39.43768996960486,-10.64400715563506
1991.0,1991-12-01,4117.0,1591.0,,,,,4799.0,1855.0,,,,,-683.0,-264.0,,,,,1991-12-01,8916.0,0.8578870598041258,40.9931506849315,15.83393676080136
,1992-01-01,4500.0,1732.0,,,,,4338.0,1669.0,,,,,162.0,62.0,,,,,1992-01-01,8838.0,1.037344398340249,48.221343873517796,5.2146495270434245
,1992-02-01,3938.0,1520.0,,,,,4379.0,1691.0,,,,,-441.0,-170.0,,,,,1992-02-01,8317.0,0.8992920758163965,37.40404745289603,19.742958709324586
,1992-03-01,4822.0,1720.0,,,,,4690.0,1673.0,,,,,132.0,47.0,,,,,1992-03-01,9512.0,1.028144989339019,40.21517883105554,26.27894453419495
,1992-04-01,4009.0,1387.0,,,,,5173.0,1789.0,,,,,-1164.0,-403.0,,,,,1992-04-01,9182.0,0.7749855016431471,34.665770910312396,68.39192708333333
,1992-05-01,3789.0,1327.0,,,,,5224.0,1829.0,,,,,-1435.0,-502.0,,,,,1992-05-01,9013.0,0.7253062787136294,38.689604685212295,62.0347394540943
,1992-06-01,3887.0,1364.0,,,,,5717.0,2006.0,,,,,-1830.0,-642.0,,,,,1992-06-01,9604.0,0.6799020465278992,45.79894973743437,58.14661134163208
,1992-07-01,4052.0,1421.0,,,,,5647.0,1981.0,,,,,-1595.0,-559.0,,,,,1992-07-01,9699.0,0.7175491411368868,20.023696682464465,66.52904747861987
,1992-08-01,4519.0,1591.0,,,,,4933.0,1736.0,,,,,-414.0,-146.0,,,,,1992-08-01,9452.0,0.9160754105007095,23.97805212620028,25.617519735166795
,1992-09-01,4323.0,1523.0,,,,,5406.0,1904.0,,,,,-1083.0,-381.0,,,,,1992-09-01,9729.0,0.7996670366259712,9.972017298397361,32.40264511388684
,1992-10-01,4449.0,1567.0,,,,,4773.0,1682.0,,,,,-324.0,-114.0,,,,,1992-10-01,9222.0,0.9321181646763043,21.292257360959653,10.027662517289082
,1992-11-01,4310.0,1517.0,,,,,5294.0,1864.0,,,,,-983.0,-346.0,,,,,1992-11-01,9604.0,0.814129202871175,17.438692098092634,32.48248248248249
1992.0,1992-12-01,4274.0,1480.0,,,,,5542.0,1919.0,,,,,-1268.0,-439.0,,,,,1992-12-01,9816.0,0.771201732226633,3.8134564002914706,15.482392165034376
,1993-01-01,4544.0,1566.0,,,,,4659.0,1606.0,,,,,-115.0,-40.0,,,,,1993-01-01,9203.0,0.9753165915432497,0.9777777777777885,7.399723374827105
,1993-02-01,5310.0,1766.0,,,,,5516.0,1834.0,,,,,-206.0,-68.0,,,,,1993-02-01,10826.0,0.9626540971718637,34.84002031488065,25.964832153459703
,1993-03-01,6224.0,1974.0,,,,,5493.0,1743.0,,,,,730.0,232.0,,,,,1993-03-01,11717.0,1.1330784634989988,29.075072583990046,17.12153518123667
,1993-04-01,5616.0,1794.0,,,,,5467.0,1746.0,,,,,149.0,48.0,,,,,1993-04-01,11083.0,1.0272544357051399,40.08480917934647,5.683355886332886
,1993-05-01,5299.0,1691.0,,,,,5466.0,1745.0,,,,,-168.0,-54.0,,,,,1993-05-01,10765.0,0.9694474935967801,39.85220374769067,4.632465543644715
,1993-06-01,5331.0,1697.0,,,,,6213.0,1978.0,,,,,-882.0,-281.0,,,,,1993-06-01,11544.0,0.8580395943988411,37.1494726009776,8.675878957495197
,1993-07-01,5767.0,1839.0,,,,,6190.0,1973.0,,,,,-422.0,-135.0,,,,,1993-07-01,11957.0,0.9316639741518579,42.324777887462986,9.615725163803779
,1993-08-01,5458.0,1740.0,,,,,5800.0,1849.0,,,,,-341.0,-109.0,,,,,1993-08-01,11258.0,0.9410344827586207,20.778933392343447,17.575511858909376
,1993-09-01,5205.0,1659.0,,,,,5975.0,1905.0,,,,,-770.0,-245.0,,,,,1993-09-01,11180.0,0.8711297071129707,20.402498265093683,10.525342212356637
,1993-10-01,5633.0,1796.0,,,,,5803.0,1850.0,,,,,-171.0,-54.0,,,,,1993-10-01,11436.0,0.9707048078580045,26.612721959991003,21.579719254137864
,1993-11-01,5276.0,1682.0,,,,,5790.0,1846.0,,,,,-515.0,-164.0,,,,,1993-11-01,11066.0,0.9112262521588946,22.41299303944315,9.369097091046473
1993.0,1993-12-01,6027.0,1921.0,,,,,7075.0,2255.0,,,,,-1048.0,-334.0,,,,,1993-12-01,13102.0,0.8518727915194346,41.01544220870379,27.66149404547096
,1994-01-01,6545.0,2087.0,,,,,5891.0,1878.0,,,,,654.0,209.0,,,,,1994-01-01,12436.0,1.1110168052962146,44.036091549295776,26.443442798883886
,1994-02-01,6415.0,2045.0,,,,,5879.0,1874.0,,,,,536.0,171.0,,,,,1994-02-01,12294.0,1.0911719680217724,20.809792843691156,6.580855692530818
,1994-03-01,7179.0,2288.0,,,,,7553.0,2407.0,,,,,-374.0,-119.0,,,,,1994-03-01,14732.0,0.950483251688071,15.343830334190223,37.502275623520845
,1994-04-01,6368.0,2030.0,,,,,6352.0,2025.0,,,,,15.0,5.0,,,,,1994-04-01,12720.0,1.0025188916876575,13.39031339031338,16.188037314797874
,1994-05-01,5760.0,1836.0,,,,,6104.0,1946.0,,,,,-344.0,-110.0,,,,,1994-05-01,11864.0,0.9436435124508519,8.699754670692595,11.672155140870832
,1994-06-01,5798.0,1848.0,,,,,6409.0,2043.0,,,,,-611.0,-195.0,,,,,1994-06-01,12207.0,0.9046653144016227,8.760082536109536,3.1546756800257425
,1994-07-01,5970.0,1903.0,,,,,6900.0,2199.0,,,,,-930.0,-296.0,,,,,1994-07-01,12870.0,0.8652173913043478,3.5200277440610384,11.47011308562198
,1994-08-01,6810.0,2171.0,,,,,7287.0,2323.0,,,,,-477.0,-152.0,,,,,1994-08-01,14097.0,0.9345409633594072,24.77097838035911,25.637931034482754
,1994-09-01,6645.0,2118.0,,,,,7653.0,2440.0,,,,,-1008.0,-321.0,,,,,1994-09-01,14298.0,0.8682869462955703,27.665706051873194,28.083682008368193
,1994-10-01,7113.0,2267.0,,,,,8227.0,2622.0,,,,,-1114.0,-355.0,,,,,1994-10-01,15340.0,0.8645921964264008,26.273744008521206,41.77149750129243
,1994-11-01,6517.0,2076.0,,,,,7547.0,2404.0,,,,,-1030.0,-328.0,,,,,1994-11-01,14064.0,0.863521929243408,23.521607278241085,30.3454231433506
1994.0,1994-12-01,7384.0,2352.0,,,,,8415.0,2681.0,,,,,-1032.0,-329.0,,,,,1994-12-01,15799.0,0.8774806892453951,22.515347602455616,18.93992932862192
,1995-01-01,7363.0,2347.0,,,,,7442.0,2372.0,,,,,-80.0,-25.0,,,,,1995-01-01,14805.0,0.9893845740392367,12.498090145148977,26.328297402817856
,1995-02-01,7388.0,2355.0,,,,,8099.0,2581.0,,,,,-711.0,-226.0,,,,,1995-02-01,15487.0,0.9122113841214965,15.167575993764615,37.761524068719176
,1995-03-01,9559.0,3020.0,,,,,9535.0,3012.0,,,,,24.0,8.0,,,,,1995-03-01,19094.0,1.0025170424750918,33.1522496169383,26.2412286508672
,1995-04-01,7833.0,2494.0,,,,,7750.0,2467.0,,,,,83.0,27.0,,,,,1995-04-01,15583.0,1.010709677419355,23.00565326633166,22.008816120906793
,1995-05-01,7511.0,2391.0,,,,,9475.0,3016.0,,,,,-1965.0,-625.0,,,,,1995-05-01,16986.0,0.7927176781002638,30.399305555555543,55.22608125819135
,1995-06-01,7594.0,2418.0,,,,,9052.0,2883.0,,,,,-1458.0,-464.0,,,,,1995-06-01,16646.0,0.8389306230667256,30.976198689203184,41.23888282103292
,1995-07-01,7890.0,2514.0,,,,,9682.0,3086.0,,,,,-1792.0,-571.0,,,,,1995-07-01,17572.0,0.8149142739103491,32.16080402010051,40.318840579710134
,1995-08-01,8135.0,2576.0,,,,,9586.0,3035.0,,,,,-1451.0,-460.0,,,,,1995-08-01,17721.0,0.8486334237429585,19.456681350954486,31.54933443117882
,1995-09-01,7957.0,2396.0,,,,,10052.0,3027.0,,,,,-2095.0,-631.0,,,,,1995-09-01,18009.0,0.79158376442499,19.744168547780294,31.347184110806214
,1995-10-01,8675.0,2512.0,,,,,9707.0,2811.0,,,,,-1032.0,-299.0,,,,,1995-10-01,18382.0,0.8936849696095601,21.959791930268512,17.98954661480492
,1995-11-01,9275.0,2670.0,,,,,11389.0,3278.0,,,,,-2114.0,-609.0,,,,,1995-11-01,20664.0,0.8143822987092809,42.32008592910847,50.907645422022
1995.0,1995-12-01,10275.0,2939.0,,,,,10979.0,3141.0,,,,,-704.0,-201.0,,,,,1995-12-01,21254.0,0.9358775844794608,39.152221018418196,30.469399881164595
,1996-01-01,9526.0,2665.0,,,,,12187.0,3410.0,,,,,-2662.0,-745.0,,,,,1996-01-01,21713.0,0.781652580618692,29.376612793698232,63.759742004837406
,1996-02-01,9773.0,2668.0,,,,,10850.0,2962.0,,,,,-1077.0,-294.0,,,,,1996-02-01,20623.0,0.9007373271889401,32.28207904710341,33.96715643906656
,1996-03-01,11910.0,3463.0,,,,,11969.0,3480.0,,,,,-59.0,-17.0,,,,,1996-03-01,23879.0,0.9950705990475395,24.594622868500892,25.52700576822233
,1996-04-01,9956.0,2908.0,,,,,10426.0,3045.0,,,,,-470.0,-137.0,,,,,1996-04-01,20382.0,0.9549203913293689,27.103280990680446,34.52903225806452
,1996-05-01,9613.0,2746.0,,,,,11721.0,3348.0,,,,,-2108.0,-602.0,,,,,1996-05-01,21334.0,0.8201518641754116,27.98562108906937,23.704485488126647
,1996-06-01,9220.0,2636.0,,,,,10031.0,2868.0,,,,,-811.0,-232.0,,,,,1996-06-01,19251.0,0.9191506330375835,21.411640769028175,10.81528943879806
,1996-07-01,9548.0,2689.0,,,,,10429.0,2937.0,,,,,-881.0,-248.0,,,,,1996-07-01,19977.0,0.91552401956084,21.013941698352333,7.715348068580874
,1996-08-01,9631.0,2698.0,,,,,10789.0,3023.0,,,,,-1158.0,-324.0,,,,,1996-08-01,20420.0,0.8926684586152562,18.389674247080514,12.549551429167538
,1996-09-01,9460.0,2648.0,,,,,10573.0,2959.0,,,,,-1114.0,-312.0,,,,,1996-09-01,20033.0,0.8947318641823513,18.889028528339825,5.1830481496219605
,1996-10-01,9499.0,2665.0,,,,,11506.0,3228.0,,,,,-2007.0,-563.0,,,,,1996-10-01,21005.0,0.8255692682078916,9.498559077809787,18.533017410116415
,1996-11-01,9007.0,2520.0,,,,,12235.0,3424.0,,,,,-3228.0,-903.0,,,,,1996-11-01,21242.0,0.7361667347772783,-2.8894878706199445,7.4282202124857255
1996.0,1996-12-01,10049.0,2804.0,,,,,11689.0,3262.0,,,,,-1640.0,-458.0,,,,,1996-12-01,21738.0,0.8596971511677646,-2.199513381995133,6.466891338008929
,1997-01-01,10549.0,2941.0,,,,,13923.0,3882.0,,,,,-3374.0,-941.0,,,,,1997-01-01,24472.0,0.7576671694318753,10.739030023094687,14.244686961516372
,1997-02-01,9853.0,2745.0,,,,,12813.0,3570.0,,,,,-2960.0,-825.0,,,,,1997-02-01,22666.0,0.7689846249902443,0.8185818070193474,18.09216589861751
,1997-03-01,12433.0,3466.0,,,,,12785.0,3564.0,,,,,-352.0,-98.0,,,,,1997-03-01,25218.0,0.9724677356276887,4.391267842149449,6.817612164758957
,1997-04-01,9437.0,2635.0,,,,,11388.0,3180.0,,,,,-1952.0,-545.0,,,,,1997-04-01,20825.0,0.8286793115560239,-5.212936922458821,9.22693266832917
,1997-05-01,10905.0,3045.0,,,,,12547.0,3503.0,,,,,-1642.0,-459.0,,,,,1997-05-01,23452.0,0.8691320634414601,13.44013315302195,7.047180274720577
,1997-06-01,10116.0,2825.0,,,,,11984.0,3347.0,,,,,-1868.0,-522.0,,,,,1997-06-01,22100.0,0.8441255006675568,9.718004338394802,19.469644103279826
,1997-07-01,10677.0,2988.0,,,,,12699.0,3553.0,,,,,-2022.0,-566.0,,,,,1997-07-01,23376.0,0.8407748641625324,11.82446585672392,21.766228785118425
,1997-08-01,10125.0,2819.0,,,,,10991.0,3060.0,,,,,-866.0,-241.0,,,,,1997-08-01,21116.0,0.9212082613047039,5.129270065413771,1.872277319492066
,1997-09-01,10955.0,3007.0,,,,,11566.0,3175.0,,,,,-611.0,-168.0,,,,,1997-09-01,22521.0,0.9471727477088017,15.803382663847776,9.391847157854905
,1997-10-01,10920.0,3014.0,,,,,12989.0,3586.0,,,,,-2069.0,-571.0,,,,,1997-10-01,23909.0,0.8407113711602124,14.95946941783346,12.888927516078574
,1997-11-01,9680.0,2600.0,,,,,12285.0,3299.0,,,,,-2605.0,-700.0,,,,,1997-11-01,21965.0,0.787952787952788,7.471966248473416,0.408663669799747
1997.0,1997-12-01,11423.0,2913.0,,,,,14575.0,3717.0,,,,,-3153.0,-804.0,,,,,1997-12-01,25998.0,0.7837392795883362,13.673002288784964,24.689879373770207
,1998-01-01,11616.0,2949.0,,,,,14078.0,3575.0,,,,,-2462.0,-625.0,,,,,1998-01-01,25694.0,0.8251172041483166,10.114702815432741,1.1132658191481681
,1998-02-01,11448.0,2944.0,,,,,14400.0,3703.0,,,,,-2951.0,-759.0,,,,,1998-02-01,25848.0,0.795,16.187963056936972,12.38585811285413
,1998-03-01,12801.0,3241.0,,,,,14677.0,3716.0,,,,,-1875.0,-475.0,,,,,1998-03-01,27478.0,0.8721809634121415,2.959864875733942,14.798592100117336
,1998-04-01,10763.0,2714.0,,,,,14218.0,3585.0,,,,,-3455.0,-871.0,,,,,1998-04-01,24981.0,0.7569981713321142,14.05107555367171,24.850720056199506
,1998-05-01,10189.0,2518.0,,,,,15168.0,3748.0,,,,,-4979.0,-1230.0,,,,,1998-05-01,25357.0,0.6717431434599156,-6.565795506648331,20.889455646768162
,1998-06-01,10498.0,2485.0,,,,,13356.0,3162.0,,,,,-2858.0,-677.0,,,,,1998-06-01,23854.0,0.7860137765798143,3.7761961249505704,11.448598130841114
,1998-07-01,11822.0,2781.0,,,,,16673.0,3922.0,,,,,-4851.0,-1141.0,,,,,1998-07-01,28495.0,0.709050560786901,10.723986138428398,31.29380266162689
,1998-08-01,12764.0,2985.0,,,,,14578.0,3410.0,,,,,-1814.0,-424.0,,,,,1998-08-01,27342.0,0.8755659212512005,26.0641975308642,32.63579292148122
,1998-09-01,11367.0,2673.0,,,,,15699.0,3692.0,,,,,-4332.0,-1019.0,,,,,1998-09-01,27066.0,0.7240588572520543,3.7608397991784503,35.734048071934986
,1998-10-01,11045.0,2609.0,,,,,14584.0,3445.0,,,,,-3539.0,-836.0,,,,,1998-10-01,25629.0,0.7573368074602304,1.1446886446886406,12.27962121795365
,1998-11-01,11760.0,2775.0,,,,,14767.0,3484.0,,,,,-3007.0,-710.0,,,,,1998-11-01,26527.0,0.7963702850951446,21.487603305785118,20.203500203500212
1998.0,1998-12-01,11857.0,2786.0,,,,,15034.0,3533.0,,,,,-3177.0,-747.0,,,,,1998-12-01,26891.0,0.7886789942796328,3.799352184189786,3.1492281303602043
,1999-01-01,11658.0,2743.0,,,,,14642.0,3445.0,,,,,-2985.0,-702.0,,,,,1999-01-01,26300.0,0.7962027045485589,0.3615702479338845,4.006250887910223
,1999-02-01,12118.0,2854.0,,,,,13937.0,3282.0,,,,,-1819.0,-428.0,,,,,1999-02-01,26055.0,0.8694841070531678,5.852550663871425,-3.215277777777781
,1999-03-01,13914.0,3278.0,,,,,15676.0,3693.0,,,,,-1763.0,-415.0,,,,,1999-03-01,29590.0,0.8875988772646083,8.69463323177877,6.806568099747912
,1999-04-01,11683.0,2735.0,,,,,14220.0,3328.0,,,,,-2537.0,-594.0,,,,,1999-04-01,25903.0,0.8215893108298171,8.547802657251701,0.014066676044444115
,1999-05-01,11428.0,2672.0,,,,,15641.0,3657.0,,,,,-4213.0,-985.0,,,,,1999-05-01,27069.0,0.7306438207275749,12.160172735302787,3.118407172995785
,1999-06-01,11923.0,2764.0,,,,,15842.0,3673.0,,,,,-3919.0,-909.0,,,,,1999-06-01,27765.0,0.7526196187350082,13.574014097923403,18.613357292602583
,1999-07-01,13602.0,3143.0,,,,,18209.0,4207.0,,,,,-4607.0,-1064.0,,,,,1999-07-01,31811.0,0.7469932450985777,15.056673997631531,9.212499250284889
,1999-08-01,13772.0,3169.0,,,,,18145.0,4175.0,,,,,-4373.0,-1006.0,,,,,1999-08-01,31917.0,0.7589969688619455,7.897210905672214,24.468377006448083
,1999-09-01,13799.0,3170.0,,,,,20151.0,4629.0,,,,,-6352.0,-1459.0,,,,,1999-09-01,33950.0,0.6847799116669148,21.39526700096772,28.358494171603276
,1999-10-01,13635.0,3138.0,,,,,18020.0,4147.0,,,,,-4385.0,-1009.0,,,,,1999-10-01,31655.0,0.7566592674805771,23.449524671797196,23.56006582556227
,1999-11-01,12743.0,2937.0,,,,,17865.0,4117.0,,,,,-5122.0,-1180.0,,,,,1999-11-01,30608.0,0.7132941505737476,8.358843537414963,20.97921040157107
1999.0,1999-12-01,13341.0,3068.0,,,,,20070.0,4615.0,,,,,-6729.0,-1548.0,,,,,1999-12-01,33411.0,0.6647234678624813,12.515813443535473,33.49740588000532
,2000-01-01,11966.0,2748.0,,,,,16894.0,3879.0,,,,,-4928.0,-1132.0,,,,,2000-01-01,28860.0,0.7082988043092222,2.6419626007891495,15.380412511951924
,2000-02-01,14846.0,3404.0,,,,,18947.0,4344.0,,,,,-4101.0,-940.0,,,,,2000-02-01,33793.0,0.7835541246635351,22.51196567090279,35.94747793642821
,2000-03-01,16823.0,3860.0,,,,,21233.0,4871.0,,,,,-4409.0,-1012.0,,,,,2000-03-01,38056.0,0.7923044317807187,20.907000143740117,35.449094156672615
,2000-04-01,14444.0,3310.0,,,,,19206.0,4401.0,,,,,-4762.0,-1091.0,,,,,2000-04-01,33650.0,0.7520566489638655,23.63262860566635,35.06329113924052
,2000-05-01,15732.0,3577.0,,,,,19223.0,4371.0,,,,,-3491.0,-794.0,,,,,2000-05-01,34955.0,0.8183946314310981,37.6618830941547,22.901349018604943
,2000-06-01,15440.0,3455.0,,,,,17999.0,4028.0,,,,,-2559.0,-573.0,,,,,2000-06-01,33439.0,0.8578254347463748,29.497609661997814,13.615705087741436
,2000-07-01,15791.0,3526.0,,,,,20092.0,4487.0,,,,,-4301.0,-961.0,,,,,2000-07-01,35883.0,0.78593470037826,16.093221585061013,10.34104014498325
,2000-08-01,16762.0,3670.0,,,,,18240.0,3993.0,,,,,-1478.0,-324.0,,,,,2000-08-01,35002.0,0.918969298245614,21.71071739761836,0.5235602094240788
,2000-09-01,17658.0,3848.0,,,,,19499.0,4249.0,,,,,-1841.0,-401.0,,,,,2000-09-01,37157.0,0.9055849017898354,27.965794622798757,-3.2355714356607668
,2000-10-01,17235.0,3719.0,,,,,19761.0,4264.0,,,,,-2526.0,-545.0,,,,,2000-10-01,36996.0,0.8721724609078488,26.40264026402641,9.661487236403987
,2000-11-01,16857.0,3604.0,,,,,21975.0,4698.0,,,,,-5118.0,-1094.0,,,,,2000-11-01,38832.0,0.7670989761092151,32.284391430589345,23.00587741393787
2000.0,2000-12-01,17098.0,3657.0,,,,,18587.0,3976.0,,,,,-1489.0,-319.0,,,,,2000-12-01,35685.0,0.9198902458707698,28.161307248332214,-7.389138016940711
,2001-01-01,17064.0,3666.0,,,,,18648.0,4007.0,,,,,-1584.0,-340.0,,,,,2001-01-01,35712.0,0.915057915057915,42.60404479358182,10.382384278442046
,2001-02-01,17186.0,3695.0,,,,,16081.0,3457.0,,,,,1106.0,238.0,,,,,2001-02-01,33267.0,1.068714632174616,15.76182136602451,-15.126405235657359
,2001-03-01,20089.0,4309.0,,,,,21563.0,4625.0,,,,,-1474.0,-316.0,,,,,2001-03-01,41652.0,0.9316421648193665,19.413897640135524,1.5541845240898633
,2001-04-01,14573.0,3115.0,,,,,19153.0,4094.0,,,,,-4580.0,-979.0,,,,,2001-04-01,33726.0,0.7608729702918603,0.8931044032123969,-0.2759554305946099
,2001-05-01,17029.0,3629.0,,,,,21932.0,4674.0,,,,,-4903.0,-1045.0,,,,,2001-05-01,38961.0,0.7764453766186394,8.244342740910238,14.09249336732039
,2001-06-01,16979.0,3612.0,,,,,18883.0,4017.0,,,,,-1970.0,-405.0,,,,,2001-06-01,35862.0,0.8991685643171107,9.967616580310889,4.911383965775884
,2001-07-01,16181.0,3433.0,,,,,23204.0,4923.0,,,,,-7023.0,-1490.0,,,,,2001-07-01,39385.0,0.6973366660920531,2.469761256411873,15.48875174198685
,2001-08-01,17186.0,3647.0,,,,,20605.0,4372.0,,,,,-3419.0,-726.0,,,,,2001-08-01,37791.0,0.8340694006309148,2.5295310822097683,12.966008771929815
,2001-09-01,17637.0,3702.0,,,,,18591.0,3902.0,,,,,-953.0,-200.0,,,,,2001-09-01,36228.0,0.9486848475068581,-0.11892626571525788,-4.656649058926099
,2001-10-01,17853.0,3718.0,,,,,19653.0,4093.0,,,,,-1800.0,-375.0,,,,,2001-10-01,37506.0,0.9084109296290642,3.5857267188859954,-0.5465310459996986
,2001-11-01,17165.0,3576.0,,,,,19956.0,4158.0,,,,,-2791.0,-582.0,,,,,2001-11-01,37121.0,0.8601423130887953,1.8271341282553255,-9.187713310580204
2001.0,2001-12-01,15574.0,3250.0,,,,,19544.0,4079.0,,,,,-3969.0,-828.0,,,,,2001-12-01,35118.0,0.7968686041751945,-8.9133231956954,5.148759885941789
,2002-01-01,20555.0,4253.0,,,,,20505.0,4243.0,,,,,49.0,10.0,,,,,2002-01-01,41060.0,1.0024384296513045,20.45827473042663,9.958172458172454
,2002-02-01,17212.0,3535.0,,,,,18300.0,3759.0,,,,,-1089.0,-224.0,,,,,2002-02-01,35512.0,0.9405464480874317,0.1512859304084735,13.798893103662714
,2002-03-01,20182.0,4141.0,,,,,21605.0,4433.0,,,,,-1423.0,-292.0,,,,,2002-03-01,41787.0,0.9341356167553807,0.4629399173677218,0.1947780921022213
,2002-04-01,19740.0,4035.0,,,,,20581.0,4207.0,,,,,-841.0,-172.0,,,,,2002-04-01,40321.0,0.959137068169671,35.45598023742538,7.455751057275628
,2002-05-01,19992.0,4080.0,,,,,25385.0,5181.0,,,,,-5393.0,-1101.0,,,,,2002-05-01,45377.0,0.7875517037620642,17.399729872570326,15.744118183476207
,2002-06-01,19407.0,3963.0,,,,,20814.0,4251.0,,,,,-1407.0,-287.0,,,,,2002-06-01,40221.0,0.932401268377054,14.30001766888509,10.226129322671195
,2002-07-01,22350.0,4583.0,,,,,23765.0,4874.0,,,,,-1416.0,-290.0,,,,,2002-07-01,46115.0,0.9404586576898801,38.124961374451516,2.4176866057576296
,2002-08-01,21970.0,4522.0,,,,,23619.0,4861.0,,,,,-1649.0,-339.0,,,,,2002-08-01,45589.0,0.930183326982514,27.836611195158856,14.627517592817284
,2002-09-01,21723.0,4484.0,,,,,24635.0,5086.0,,,,,-2913.0,-601.0,,,,,2002-09-01,46358.0,0.8817941952506596,23.167205307025007,32.51035447259427
,2002-10-01,22987.0,4752.0,,,,,27055.0,5593.0,,,,,-4067.0,-841.0,,,,,2002-10-01,50042.0,0.8496396229902051,28.757071640620623,37.66346104920368
,2002-11-01,19537.0,4049.0,,,,,24473.0,5072.0,,,,,-4935.0,-1023.0,,,,,2002-11-01,44010.0,0.7983083398030483,13.81881736090882,22.634796552415317
2002.0,2002-12-01,19184.0,3985.0,,,,,23935.0,4972.0,,,,,-4752.0,-987.0,,,,,2002-12-01,43119.0,0.8015040735324838,23.17965840503402,22.467253376995487
,2003-01-01,23246.0,4850.0,,,,,26703.0,5571.0,,,,,-3457.0,-721.0,,,,,2003-01-01,49949.0,0.8705388907613377,13.091705181221114,30.226773957571318
,2003-02-01,20459.0,4286.0,,,,,22106.0,4631.0,,,,,-1646.0,-345.0,,,,,2003-02-01,42565.0,0.9254953406315027,18.864745526376936,20.797814207650276
,2003-03-01,24541.0,5151.0,,,,,28062.0,5891.0,,,,,-3521.0,-739.0,,,,,2003-03-01,52603.0,0.874527831230846,21.598454067981375,29.88660032399908
,2003-04-01,20438.0,4314.0,,,,,27309.0,5764.0,,,,,-6870.0,-1450.0,,,,,2003-04-01,47747.0,0.7483979640411585,3.535967578520771,32.690345464263146
,2003-05-01,22111.0,4696.0,,,,,29072.0,6175.0,,,,,-6961.0,-1479.0,,,,,2003-05-01,51183.0,0.7605599889928454,10.59923969587835,14.524325389009253
,2003-06-01,20543.0,4398.0,,,,,26750.0,5727.0,,,,,-6207.0,-1329.0,,,,,2003-06-01,47293.0,0.7679626168224299,5.853557994538061,28.519265878735457
,2003-07-01,21435.0,4637.0,,,,,26739.0,5784.0,,,,,-5304.0,-1147.0,,,,,2003-07-01,48174.0,0.8016380567710086,-4.093959731543628,12.51420155691143
,2003-08-01,20744.0,4516.0,,,,,26572.0,5785.0,,,,,-5828.0,-1269.0,,,,,2003-08-01,47316.0,0.7806713834111094,-5.580336822940368,12.502646174689858
,2003-09-01,25129.0,5481.0,,,,,28908.0,6305.0,,,,,-3779.0,-824.0,,,,,2003-09-01,54037.0,0.8692749411927494,15.679233991621789,17.34524051146742
,2003-10-01,25456.0,5609.0,,,,,31855.0,7019.0,,,,,-6400.0,-1410.0,,,,,2003-10-01,57311.0,0.7991210171087741,10.740853525905948,17.741637405285537
,2003-11-01,22315.0,4902.0,,,,,29441.0,6467.0,,,,,-7126.0,-1565.0,,,,,2003-11-01,51756.0,0.7579565911483985,14.219173875211144,20.299922363420908
2003.0,2003-12-01,27902.0,6120.0,,,,,33961.0,7450.0,,,,,-6059.0,-1329.0,,,,,2003-12-01,61863.0,0.8215894702747268,45.44412010008341,41.88844787967412
,2004-01-01,23711.0,5216.0,,,,,31354.0,6898.0,,,,,-7643.0,-1682.0,,,,,2004-01-01,55065.0,0.756235249091025,2.0003441452292936,17.417518630865448
,2004-02-01,28188.0,6227.0,,,,,30982.0,6844.0,,,,,-2794.0,-617.0,,,,,2004-02-01,59170.0,0.9098186043509134,37.777995014419076,40.15199493350221
,2004-03-01,35396.0,7863.0,,,,,36167.0,8034.0,,,,,-771.0,-171.0,,,,,2004-03-01,71563.0,0.9786822241269666,44.2321013813618,28.88247452070416
,2004-04-01,24791.0,5643.0,,,,,30695.0,6987.0,,,,,-5905.0,-1344.0,,,,,2004-04-01,55486.0,0.8076559700276918,21.298561503082492,12.398842872313164
,2004-05-01,26983.0,5963.0,,,,,36530.0,8073.0,,,,,-9547.0,-2110.0,,,,,2004-05-01,63513.0,0.7386531617848344,22.034281579304427,25.653549807374798
,2004-06-01,27614.0,6068.0,,,,,39669.0,8717.0,,,,,-12055.0,-2649.0,,,,,2004-06-01,67283.0,0.6961103128387406,34.42048386311638,48.29532710280373
,2004-07-01,26792.0,5819.0,,,,,36244.0,7872.0,,,,,-9453.0,-2053.0,,,,,2004-07-01,63036.0,0.7392120075046904,24.99183578259856,35.5473278731441
,2004-08-01,27726.0,5983.0,,,,,37684.0,8132.0,,,,,-9958.0,-2149.0,,,,,2004-08-01,65410.0,0.7357499203906167,33.65792518318549,41.81845551708565
,2004-09-01,31894.0,6919.0,,,,,43422.0,9420.0,,,,,-11528.0,-2501.0,,,,,2004-09-01,75316.0,0.7345124591221041,26.92108719009909,50.207555002075544
,2004-10-01,29846.0,6519.0,,,,,41155.0,8989.0,,,,,-11308.0,-2470.0,,,,,2004-10-01,71001.0,0.725209573563358,17.24544311753613,29.194788887144885
,2004-11-01,31974.0,7086.0,,,,,42228.0,9358.0,,,,,-10254.0,-2272.0,,,,,2004-11-01,74202.0,0.7571753339016766,43.28478601837329,43.43262796780001
2004.0,2004-12-01,32354.0,7357.0,,,,,45989.0,10457.0,,,,,-13636.0,-3101.0,,,,,2004-12-01,78343.0,0.7035160581878275,15.955845459106865,35.41709608079857
,2005-01-01,35854.0,8194.0,,,,,48169.0,11009.0,,,,,-12315.0,-2815.0,,,,,2005-01-01,84023.0,0.744337644543171,51.21251739698873,53.62952095426421
,2005-02-01,35147.0,8046.0,,,,,45238.0,10357.0,,,,,-10092.0,-2310.0,,,,,2005-02-01,80385.0,0.7769353198638312,24.687810415779765,46.01381447291977
,2005-03-01,44367.0,10155.0,,,,,54043.0,12369.0,,,,,-9676.0,-2215.0,,,,,2005-03-01,98410.0,0.8209573857853931,25.344671714318,49.42627256891641
,2005-04-01,33595.0,7680.0,,,,,49586.0,11336.0,,,,,-15991.0,-3656.0,,,,,2005-04-01,83181.0,0.6775097809865688,35.51288774151911,61.54422544388336
,2005-05-01,34689.0,7977.0,,,,,57545.0,13232.0,,,,,-22856.0,-5255.0,,,,,2005-05-01,92234.0,0.6028151881136502,28.558722158396034,57.52805912948262
,2005-06-01,34402.0,7893.0,,,,,51440.0,11803.0,,,,,-17039.0,-3909.0,,,,,2005-06-01,85842.0,0.6687791601866252,24.58173390309264,29.673044442763864
,2005-07-01,32619.0,7492.0,,,,,50107.0,11509.0,,,,,-17488.0,-4017.0,,,,,2005-07-01,82726.0,0.6509868880595525,21.749029561062994,38.2490895044697
,2005-08-01,37392.0,8571.0,,,,,55665.0,12760.0,,,,,-18273.0,-4189.0,,,,,2005-08-01,93057.0,0.6717326866073835,34.86258385630816,47.71521069950111
,2005-09-01,37138.0,8457.0,,,,,56632.0,12896.0,,,,,-19494.0,-4439.0,,,,,2005-09-01,93770.0,0.6557776522107642,16.441964005769115,30.422366542305745
,2005-10-01,38643.0,8622.0,,,,,53256.0,11883.0,,,,,-14612.0,-3260.0,,,,,2005-10-01,91899.0,0.7256083821541235,29.47463646719828,29.403474668934514
,2005-11-01,33348.0,7293.0,,,,,51789.0,11326.0,,,,,-18441.0,-4033.0,,,,,2005-11-01,85137.0,0.6439205236633262,4.297241508725835,22.64137539073601
2005.0,2005-12-01,42151.0,9235.0,,,,,56547.0,12390.0,,,,,-14396.0,-3154.0,,,,,2005-12-01,98698.0,0.7454153182308522,30.280645360697278,22.957663789166972
,2006-01-01,40703.0,9168.0,,,,,57245.0,12894.0,,,,,-16542.0,-3726.0,,,,,2006-01-01,97948.0,0.7110315311380907,13.52429296591733,18.84199381344849
,2006-02-01,40141.0,9055.0,,,,,51136.0,11535.0,,,,,-10994.0,-2480.0,,,,,2006-02-01,91277.0,0.7849851376720901,14.208894073462886,13.037711658340335
,2006-03-01,51426.0,11561.0,,,,,63672.0,14314.0,,,,,-12246.0,-2753.0,,,,,2006-03-01,115098.0,0.8076705616283453,15.91047400094665,17.81729363654867
,2006-04-01,38768.7,8625.0,,,,,58094.6,12924.5,,,,,-19325.9,-4299.5,,,,,2006-04-01,96863.29999999999,0.6673374117387847,15.400208364339928,17.15927882870165
,2006-05-01,45905.3,10109.7,,,,,68592.4,15106.0,,,,,-22687.1,-4996.3,,,,,2006-05-01,114497.7,0.6692476134382236,32.33388105739572,19.19784516465375
,2006-06-01,47990.4,10420.0,,,,,66321.2,14400.1,,,,,-18330.8,-3980.1,,,,,2006-06-01,114311.6,0.723605724866257,39.498866344979945,28.929237947122854
,2006-07-01,49244.1,10600.1,,,,,69616.3,14985.4,,,,,-20372.2,-4385.3,,,,,2006-07-01,118860.4,0.7073645108975914,50.96753425917411,38.935278504001445
,2006-08-01,50117.9,10769.5,,,,,71326.0,15326.7,,,,,-21208.1,-4557.2,,,,,2006-08-01,121443.9,0.7026596192131902,34.03375053487376,28.13437528069702
,2006-09-01,49608.6,10756.9,,,,,80019.8,17351.1,,,,,-30411.2,-6594.2,,,,,2006-09-01,129628.4,0.6199540613698109,33.579083418600895,41.29785280406837
,2006-10-01,45142.8,9928.6,,,,,79624.6,17512.4,,,,,-34481.8,-7583.8,,,,,2006-10-01,124767.40000000001,0.5669453912484332,16.820122661284074,49.51291873216164
,2006-11-01,44758.1,9979.4,,,,,73471.0,16381.2,,,,,-28712.9,-6401.8,,,,,2006-11-01,118229.1,0.6091941037960555,34.215245292071494,41.8660333275406
2006.0,2006-12-01,48359.7,10834.5,,,,,69986.0,15679.6,,,,,-21626.3,-4845.1,,,,,2006-12-01,118345.7,0.6909910553539279,14.729662404213407,23.766070702247678
,2007-01-01,48619.3,10967.0,,,,,64046.8,14446.9,,,,,-15427.5,-3479.9,,,,,2007-01-01,112666.1,0.759121454936078,19.44893496793849,11.881911083937457
,2007-02-01,46636.3,10561.2,,,,,63962.2,14484.7,,,,,-17325.9,-3923.5,,,,,2007-02-01,110598.5,0.7291228256689107,16.181211230412806,25.082525031289116
,2007-03-01,56628.1,12862.4,,,,,75445.4,17136.6,,,,,-18817.3,-4274.2,,,,,2007-03-01,132073.5,0.7505838659480897,10.115700229455914,18.4907023495414
,2007-04-01,47740.5,11326.8,,,,,77428.7,18370.6,,,,,-29688.2,-7043.8,,,,,2007-04-01,125169.2,0.6165736994163663,23.141864442191775,33.280373735252496
,2007-05-01,50796.2,12455.7,,,,,86250.7,21149.5,,,,,-35454.5,-8693.8,,,,,2007-05-01,137046.9,0.5889366694994939,10.654325317555902,25.743814183495562
,2007-06-01,49340.1,12101.0,,,,,81612.3,20016.0,,,,,-32272.2,-7915.0,,,,,2007-06-01,130952.4,0.6045669586569671,2.812437487497488,23.056126849333246
,2007-07-01,50571.1,12513.3,,,,,85388.9,21128.6,,,,,-34817.8,-8615.3,,,,,2007-07-01,135960.0,0.5922444252121764,2.6947390651875125,22.65647556678536
,2007-08-01,51600.4,12640.6,,,,,83136.0,20365.9,,,,,-31535.6,-7725.3,,,,,2007-08-01,134736.4,0.6206745573518091,2.958024977103979,16.557776967725644
,2007-09-01,50511.5,12521.4,,,,,73489.2,18217.5,,,,,-22977.7,-5696.0,,,,,2007-09-01,124000.7,0.6873322882818156,1.8200473305031828,-8.161230095551353
,2007-10-01,57982.0,14674.7,,,,,86263.6,21832.6,,,,,-28281.6,-7157.8,,,,,2007-10-01,144245.6,0.6721490872163925,28.441301824432674,8.337875480693157
,2007-11-01,50909.7,12909.3,,,,,87170.6,22104.1,,,,,-36260.9,-9194.8,,,,,2007-11-01,138080.3,0.584023741949694,13.744104419088377,18.646268595772497
2007.0,2007-12-01,57682.1,14625.5,,,,,79340.0,20116.9,,,,,-21657.9,-5491.4,,,,,2007-12-01,137022.1,0.7270241996470884,19.277208088553067,13.365530248906921
,2008-01-01,58623.8,14889.1,,,,,89946.8,22844.4,,,,,-31323.0,-7955.3,,,,,2008-01-01,148570.6,0.6517608186172271,20.57721933470864,40.439178850465595
,2008-02-01,60060.7,15116.2,,,,,82661.2,20804.4,,,,,-22600.5,-5688.2,,,,,2008-02-01,142721.9,0.7265887744189535,28.785302436085193,29.23445409945249
,2008-03-01,69630.5,17254.0,,,,,95134.1,23573.7,,,,,-25503.6,-6319.6,,,,,2008-03-01,164764.6,0.7319194694646819,22.96103877756803,26.09662086754132
,2008-04-01,73882.8,18460.4,,,,,121335.4,30316.9,,,,,-47452.6,-11856.5,,,,,2008-04-01,195218.2,0.6089138042154227,54.759166745216326,56.70597594948643
,2008-05-01,78717.4,18686.6,,,,,124031.2,29443.6,,,,,-45313.8,-10757.0,,,,,2008-05-01,202748.59999999998,0.6346580537800166,54.96710383847609,43.80312275726459
,2008-06-01,82133.1,19180.9,,,,,123967.1,28950.6,,,,,-41834.0,-9769.7,,,,,2008-06-01,206100.2,0.6625394963663747,66.46318106367843,51.89756936148105
,2008-07-01,81522.5,19030.4,,,,,135477.1,31625.5,,,,,-53954.6,-12595.0,,,,,2008-07-01,216999.6,0.6017437633371249,61.203730984692854,58.65891234106542
,2008-08-01,76253.9,17759.3,,,,,143940.1,33523.2,,,,,-67686.2,-15763.9,,,,,2008-08-01,220194.0,0.5297613382233304,47.777730405190646,73.1381110469592
,2008-09-01,71940.6,15789.1,,,,,141865.3,31135.7,,,,,-69924.7,-15346.6,,,,,2008-09-01,213805.9,0.5071049791598087,42.42420042960515,93.0423790162364
,2008-10-01,68754.3,14130.8,,,,,125868.3,25869.3,,,,,-57113.9,-11738.4,,,,,2008-10-01,194622.6,0.546239998474596,18.578696836949394,45.911253413954434
,2008-11-01,54699.4,11163.3,,,,,115090.6,23488.2,,,,,-60391.2,-12324.9,,,,,2008-11-01,169790.0,0.4752725244285806,7.4439645097103435,32.02914744191274
2008.0,2008-12-01,65015.5,13368.2,,,,,94624.8,19456.3,,,,,-29609.3,-6088.1,,,,,2008-12-01,159640.3,0.6870873174897066,12.713476104372079,19.264935719687415
,2009-01-01,62844.4,12869.0,,,,,89015.1,18228.2,,,,,-26170.8,-5359.1,,,,,2009-01-01,151859.5,0.7059970724068163,7.199465063677213,-1.0358345155136117
,2009-02-01,58822.4,11940.9,,,,,74198.1,15062.2,,,,,-15375.7,-3121.3,,,,,2009-02-01,133020.5,0.7927750171500348,-2.0617475320800382,-10.238298016481728
,2009-03-01,66168.8,12916.3,,,,,85022.4,16596.6,,,,,-18853.6,-3680.3,,,,,2009-03-01,151191.2,0.7782513784602647,-4.9715282814283945,-10.628891217765247
,2009-04-01,62455.7,12475.7,,,,,96823.4,19340.7,,,,,-34367.6,-6865.0,,,,,2009-04-01,159279.09999999998,0.6450475814730736,-15.466522654799231,-20.201853704689643
,2009-05-01,59775.5,12316.5,,,,,97242.7,20036.4,,,,,-37467.1,-7719.9,,,,,2009-05-01,157018.2,0.61470424000979,-24.063167736739267,-21.598194647798298
,2009-06-01,64999.1,13606.3,,,,,110136.9,23055.0,,,,,-45137.7,-9448.7,,,,,2009-06-01,175136.0,0.5901664201552795,-20.861260563646088,-11.156347127584665
,2009-07-01,69524.0,14341.3,,,,,105311.6,21723.5,,,,,-35787.6,-7382.2,,,,,2009-07-01,174835.6,0.6601741878387566,-14.718022631788774,-22.26612468085012
,2009-08-01,65669.6,13586.3,,,,,108505.7,22448.7,,,,,-42836.1,-8862.3,,,,,2009-08-01,174175.3,0.6052179747239086,-13.880339235107964,-24.61746240276338
,2009-09-01,70838.2,14624.2,,,,,104275.4,21527.2,,,,,-33437.2,-6903.0,,,,,2009-09-01,175113.59999999998,0.6793376002393662,-1.5323753207507451,-26.496895294339062
,2009-10-01,69175.4,14806.0,,,,,121175.0,25935.8,,,,,-51999.6,-11129.8,,,,,2009-10-01,190350.4,0.5708718795131008,0.6124707836455245,-3.7287386895667907
,2009-11-01,69537.5,14932.7,,,,,116401.9,24996.5,,,,,-46864.4,-10063.8,,,,,2009-11-01,185939.4,0.5973914515141077,27.126622961129378,1.1393632494747452
2009.0,2009-12-01,76907.0,16493.5,,,,,131733.1,28251.4,,,,,-54826.1,-11758.0,,,,,2009-12-01,208640.1,0.5838092324556242,18.29025386254046,39.21625197622611
,2010-01-01,71499.9,15557.1,,,,,116126.7,25267.0,,,,,-44626.8,-9709.9,,,,,2010-01-01,187626.59999999998,0.6157059487611376,13.77290577998993,30.45730443486554
,2010-02-01,73002.4,15757.7,,,,,121211.5,26163.8,,,,,-48209.1,-10406.1,,,,,2010-02-01,194213.9,0.6022728866485441,24.106462844086597,63.36199983557529
,2010-03-01,92149.3,20254.1,,,,,134791.9,29626.9,,,,,-42642.6,-9372.8,,,,,2010-03-01,226941.2,0.6836412276998841,39.2639733530002,58.53692673930635
,2010-04-01,80718.1,18139.1,,,,,140951.9,31674.9,,,,,-60233.8,-13535.8,,,,,2010-04-01,221670.0,0.5726641499688901,29.24056571297737,45.576275982871906
,2010-05-01,79171.3,17282.0,,,,,136276.1,29747.1,,,,,-57104.8,-12465.2,,,,,2010-05-01,215447.40000000002,0.5809624725098531,32.44774196786309,40.14018533010706
,2010-06-01,96240.4,20667.1,,,,,133408.1,28648.6,,,,,-37167.7,-7981.6,,,,,2010-06-01,229648.5,0.7213984758046924,48.06420396590105,21.129339939656933
,2010-07-01,79410.1,16954.5,,,,,138965.8,29669.9,,,,,-59555.6,-12715.4,,,,,2010-07-01,218375.9,0.5714362814447872,14.219693918646815,31.956783488238692
,2010-08-01,82660.0,17750.4,,,,,126234.7,27107.7,,,,,-43574.7,-9357.2,,,,,2010-08-01,208894.7,0.6548120287052609,25.87254985564096,16.339233791404517
,2010-09-01,87444.2,18984.2,,,,,135936.0,29511.8,,,,,-48491.8,-10527.6,,,,,2010-09-01,223380.2,0.6432747763653484,23.44215409200121,30.362482426344094
,2010-10-01,84739.0,19080.8,,,,,144164.7,32461.7,,,,,-59425.7,-13380.9,,,,,2010-10-01,228903.7,0.5877929895459845,22.498749555477815,18.97231277078606
,2010-11-01,101628.9,22575.0,,,,,129843.3,28842.3,,,,,-28214.4,-6267.3,,,,,2010-11-01,231472.2,0.7827042288666415,46.14977530109652,11.54740601313209
2010.0,2010-12-01,105438.4,23349.4,,,,,142293.9,31511.1,,,,,-36855.5,-8161.7,,,,,2010-12-01,247732.3,0.7409903024655309,37.09857360188278,8.01681581925877
,2011-01-01,103005.7,22691.8,,,,,151403.3,33353.6,,,,,-48397.6,-10661.8,,,,,2011-01-01,254409.0,0.6803398604918123,44.064117572192416,30.37768230734188
,2011-02-01,105608.6,23243.5,,,,,149817.3,32973.4,,,,,-44208.7,-9729.9,,,,,2011-02-01,255425.9,0.7049159209250201,44.66455897340362,23.599905949517975
,2011-03-01,136857.1,30418.5,,,,,154171.9,34267.0,,,,,-17314.8,-3848.5,,,,,2011-03-01,291029.0,0.8876915961987886,48.51670061519731,14.377718542434682
,2011-04-01,104134.2811,23469.524697,22721.2912,5120.86797,81412.9899,18348.656727,162375.8377,36595.861501,57698.8348,13004.01955,104677.0029,23591.841951,-58241.5565,-13126.336804,-34977.5436,-7883.15158,-23264.013,-5243.185224,2011-04-01,266510.1188,0.6413163594721211,29.009826916143954,15.199467123181742
,2011-05-01,119095.3901,26521.927621,23840.3613,5309.125213,95255.0288,21212.802408,203211.9026,45254.240153,59022.5793,13144.02327,144189.3233,32110.216883,-84116.5126,-18732.312532,-35182.218,-7834.898057,-48934.2946,-10897.414475,2011-05-01,322307.2927,0.5860650315076574,50.42747826548257,49.11778558382578
,2011-06-01,119024.1069,26536.13253,22185.6157,4946.228561,96838.4912,21589.903969,183224.579,40849.469998,59552.0987,13276.994196,123672.4803,27572.475802,-64200.472,-14313.337468,-37366.483,-8330.765635,-26833.9891,-5982.571833,2011-06-01,302248.6859,0.6496077521346085,23.673745017684887,37.34142004870768
,2011-07-01,117379.7978,26426.535021,20723.0587,4665.527175,96656.7391,21761.007846,182581.632,41105.880124,57489.5037,12943.014146,125092.1284,28162.865978,-65201.8342,-14679.345103,-36766.445,-8277.486971,-28435.3892,-6401.858132,2011-07-01,299961.42980000004,0.6428894106938424,47.814695863624394,31.386018718274578
,2011-08-01,112148.1247,24768.351766,19864.9504,4387.251948,92283.1743,20381.099818,181045.8684,39984.687841,56624.399,12505.719897,124421.4694,27478.967944,-68897.7438,-15216.336075,-36759.4487,-8118.467949,-32138.2951,-7097.868126,2011-08-01,293193.9931,0.6194459210315787,35.673995523832566,43.42004884552346
,2011-09-01,126520.2786,26561.19713,23192.3934,4868.924894,103327.8853,21692.272236,189372.0754,39756.06996,51346.8261,10779.561891,138025.2493,28976.508069,-62851.7968,-13194.87283,-28154.4328,-5910.636997,-34697.364,-7284.235833,2011-09-01,315892.354,0.668104198218023,44.68687300015326,39.309730608521654
,2011-10-01,116406.3724,23632.020963,21096.26,4282.819028,95310.1124,19349.201935,202819.7023,41175.060753,55338.0116,11234.342425,147481.6907,29940.718328,-86413.3299,-17543.03979,-34241.7516,-6951.523397,-52171.5783,-10591.516393,2011-10-01,319226.0747,0.5739401600531784,37.37048159643139,40.6861057526565
,2011-11-01,118341.3482,23269.706046,21962.8539,4318.601759,96378.4943,18951.104287,198861.133,39102.479349,63247.7731,12436.541541,135613.3599,26665.937808,-80519.7849,-15832.773303,-41284.9193,-8117.939782,-39234.8656,-7714.833521,2011-11-01,317202.4812,0.5950954136422425,16.44458239732989,53.15471264208473
2011.0,2011-12-01,133618.6108,25365.693663,23316.6214,4426.34654,110301.9894,20939.347123,210939.6856,40044.058372,61519.8575,11678.716375,149419.8281,28365.341997,-77321.0748,-14678.364709,-38203.2361,-7252.369835,-39117.8387,-7425.994874,2011-12-01,344558.2964,0.6334446285910269,26.726705640449786,48.242254657437876
,2012-01-01,130294.0156,25379.050518,23113.546,4502.124309,107180.4695,20876.926209,220514.5414,42952.469339,76347.6983,14871.228676,144166.8431,28081.240663,-90220.5258,-17573.418821,-53234.1523,-10369.104367,-36986.3735,-7204.314454,2012-01-01,350808.557,0.5908635991658009,26.492044226678722,45.64711693866646
,2012-02-01,123873.6596,25194.420517,19241.4614,3913.483084,104632.1982,21280.937433,197251.2096,40118.536519,64512.1717,13121.004016,132739.0379,26997.532503,-73377.55,-14924.116002,-45270.7103,-9207.520932,-28106.8397,-5716.59507,2012-02-01,321124.8692,0.627999492886253,17.295049456199575,31.66116970470034
,2012-03-01,145123.4094,28839.37,26656.4093,5297.24,118467.0001,23542.13,213265.0774,42380.69,80375.1306,15972.39,132889.9468,26408.3,-68141.668,-13541.32,-53718.7213,-10675.15,-14422.9467,-2866.17,2012-03-01,358388.4868,0.680483702110339,6.040102705668904,38.32940853683455
,2012-04-01,123270.6022,23791.85609,24312.619,4692.459667,98957.9833,19099.396423,197772.1614,38171.037579,70223.5405,13553.50209,127548.6208,24617.535489,-74501.5591,-14379.181489,-45910.9216,-8861.042423,-28590.6375,-5518.139066,2012-04-01,321042.7636,0.6232960257267026,18.376581561669813,21.79900913915347
,2012-05-01,135211.0452,24821.435239,23936.5606,4394.166093,111274.4846,20427.269146,229809.1043,42187.32125,79411.1064,14577.933579,150397.9979,27609.387671,-94598.0591,-17365.886011,-55474.5458,-10183.767486,-39123.5133,-7182.118525,2012-05-01,365020.1495,0.5883624393900916,13.531720318031004,13.088407401191283
,2012-06-01,139651.1445,24924.263172,23430.9733,4181.847166,116220.1712,20742.416006,202590.4715,36157.370675,62910.7284,11228.003538,139679.7432,24929.367137,-62939.327,-11233.107503,-39479.755,-7046.156372,-23459.572,-4186.951131,2012-06-01,342241.61600000004,0.6893273087623965,17.33013432088184,10.569483966449722
,2012-07-01,128192.297,23099.875455,22998.8494,4144.325118,105193.4476,18955.550337,225416.7951,40619.444564,76676.5517,13816.889468,148740.2434,26802.555096,-97224.4981,-17519.569109,-53677.7023,-9672.56435,-43546.7958,-7847.004759,2012-07-01,353609.0921,0.5686900878132484,9.211550371234335,23.46082825023712
,2012-08-01,128534.679,23134.474792,25535.6837,4596.071934,102998.9953,18538.402858,207278.4225,37307.265749,71148.1978,12805.697244,136130.2247,24501.568505,-78743.7434,-14172.790957,-45612.514,-8209.62531,-33131.2294,-5963.165647,2012-08-01,335813.1015,0.6201064126682072,14.611527695032422,14.489451944875187
,2012-09-01,135978.6285,24902.002444,29854.6159,5467.327643,106124.0126,19434.674801,229624.0364,42051.448384,76608.9894,14029.5372,153015.047,28021.911184,-93645.4078,-17149.44594,-46754.3734,-8562.209557,-46891.0344,-8587.236383,2012-09-01,365602.6649,0.5921794191577062,7.475758040260905,21.25548918180151
,2012-10-01,127431.8129,24032.900826,32644.4086,6156.54612,94787.4043,17876.354706,234597.6285,44243.752076,79311.3207,14957.655071,155286.3078,29286.097005,-107165.8156,-20210.85125,-46666.9121,-8801.108951,-60498.9035,-11409.742299,2012-10-01,362029.4414,0.5431930992431153,9.471509396507937,15.668066681705195
,2012-11-01,127358.8764,23250.938695,29487.9732,5383.394351,97870.9032,17867.544344,221590.056,40454.0064,71794.8678,13107.041394,149795.1882,27346.965006,-94231.1796,-17203.067705,-42306.8946,-7723.647043,-51924.2849,-9479.420662,2012-11-01,348948.9324,0.5747499626066253,7.6199302586617,11.429545159033161
2012.0,2012-12-01,139119.8521,25457.539516,31355.0169,5737.654017,107764.8352,19719.885499,235261.9137,43050.573666,75171.265,13755.58851,160090.6487,29294.985156,-96142.0615,-17593.03415,-43816.248,-8017.934493,-52325.8135,-9575.099657,2012-12-01,374381.7658,0.591340306265646,4.117122058868161,11.53041829507686
,2013-01-01,140002.5898,25775.191177,27974.802,5150.303777,112027.7878,20624.8874,243093.1075,44754.681249,79662.2399,14666.22478,163430.8676,30088.456469,-103090.5176,-18979.490072,-51687.4379,-9515.921003,-51403.0798,-9463.569069,2013-01-01,383095.6973,0.5759216756073595,7.4512817455907765,10.239037279198682
,2013-02-01,143407.8499,26668.77,29460.1877,5478.55,113947.6622,21190.22,219353.5627,40791.99,76005.0783,14134.247462,143348.4844,26657.742538,-75945.7128,-14123.22,-46544.8906,-8655.697462,-29400.8222,-5467.522538,2013-02-01,362761.41260000004,0.6537748835022682,15.769446356132356,11.20518000615598
,2013-03-01,166159.4604,30541.41,29798.3156,5477.17,136361.1448,25064.24,222774.6973,40947.79,72946.973,13408.24,149827.7243,27539.55,-56615.2369,-10406.38,-43148.6574,-7931.07,-13466.5795,-2475.31,2013-03-01,388934.1577,0.7458632529359519,14.4952844527094,4.459061003299536
,2013-04-01,133353.9002,24524.539576,27858.2041,5123.281926,105495.6961,19401.25765,226078.6605,41577.149493,69726.8019,12823.154814,156351.8585,28753.994679,-92724.7603,-17052.609917,-41868.5979,-7699.872888,-50856.1624,-9352.737029,2013-04-01,359432.56070000003,0.5898562027263958,8.179807529162876,14.31268126900289
,2013-05-01,137103.0836,24922.939445,25513.121,4637.838581,111589.9626,20285.100864,241976.5449,43987.097928,77643.172,14114.168842,164333.373,29872.929086,-104873.4613,-19064.158483,-52130.051,-9476.330261,-52743.4103,-9587.828222,2013-05-01,379079.6285,0.5665965833864587,1.399322368377054,5.294585972588894
,2013-06-01,140144.2431,23998.411409,25925.3037,4439.469584,114218.9394,19558.941825,206167.9085,35304.356216,70258.4259,12031.108607,135909.4826,23273.247609,-66023.6655,-11305.944807,-44333.1222,-7591.639023,-21690.5433,-3714.305784,2013-06-01,346312.1516,0.6797577960587401,0.35309313200795334,1.7658466232455483
,2013-07-01,154430.2368,25835.082274,33788.0509,5652.501015,120642.1859,20182.581259,229097.8743,38326.44782,76104.0963,12731.674939,152993.7781,25594.772881,-74667.6375,-12491.365546,-42316.0453,-7079.173924,-32351.5922,-5412.191622,2013-07-01,383528.1111,0.6740797454880619,20.467641515152813,1.633010174937044
,2013-08-01,166479.1953,26337.977496,37185.4784,5882.959079,129293.7169,20455.018417,234037.0497,37026.02322,95441.2415,15099.359829,138595.8082,21926.663391,-67557.8544,-10688.045724,-58255.7632,-9216.40075,-9302.0913,-1471.644974,2013-08-01,400516.245,0.7113369251295941,29.520839508223283,12.909509285753096
,2013-09-01,179372.2809,28135.901695,44298.1787,6948.505029,135074.1022,21187.396666,218403.4977,34258.243662,84235.4736,13212.972376,134168.0241,21045.271286,-39031.2167,-6122.341967,-39937.2949,-6264.467347,906.0781,142.12538,2013-09-01,397775.7786,0.8212884994469574,31.91211213017935,-4.886482650472212
,2013-10-01,169320.468,27480.129706,34731.612,5636.821197,134588.856,21843.308509,234601.4994,38075.016656,94232.4321,15293.599687,140369.0673,22781.416969,-65281.0314,-10594.88695,-59500.8201,-9656.77849,-5780.2113,-938.10846,2013-10-01,403921.96739999996,0.7217365124819829,32.87142680209016,0.0016500166795108129
,2013-11-01,151583.3394,24201.832772,30380.1042,4850.49481,121203.2352,19351.337962,211529.9048,33772.916062,81291.6231,12979.040305,130238.2818,20793.875757,-59946.5654,-9571.08329,-50911.5189,-8128.545495,-9035.0466,-1442.537795,2013-11-01,363113.24419999996,0.7166047729436694,19.020631843451152,-4.539983147980264
2013.0,2013-12-01,163400.2194,26393.05908,30187.5274,4876.010527,133212.692,21517.048553,226468.4575,36580.093664,86200.6992,13923.482717,140267.7583,22656.610947,-63068.2381,-10187.034584,-56013.1718,-9047.47219,-7055.0663,-1139.562394,2013-12-01,389868.67689999996,0.7215142506103748,17.452841512904406,-3.737730456113353
,2014-01-01,166932.1538,26891.577111,28883.2387,4652.883354,138048.9151,22238.693757,225623.4437,36346.324453,81864.3221,13187.757275,143759.1216,23158.567178,-58691.2899,-9454.747342,-52981.0833,-8534.873921,-5710.2065,-919.873421,2014-01-01,392555.59750000003,0.7398706050332304,19.23504703625134,-7.186408524560905
,2014-02-01,157769.1333,25353.24,28844.1534,4635.21,128924.9799,20718.03,209495.3313,33665.55,85295.7914,13706.89,124199.5399,19958.66,-51726.198,-8312.31,-56451.638,-9071.68,4725.44,759.37,2014-02-01,367264.46459999995,0.7530914045720312,10.014293785182815,-4.494219869810223
,2014-03-01,185122.8341,30341.03,35652.9048,5843.4,149469.9293,24497.63,251953.7352,41294.46,95591.3697,15667.12,156362.3655,25627.34,-66830.9011,-10953.43,-59938.4649,-9823.72,-6892.4362,-1129.71,2014-03-01,437076.5693,0.7347493140081854,11.412755948020648,13.09800361245963
,2014-04-01,155886.2519,25827.540375,31521.1692,5222.48921,124365.0826,20605.051165,216050.3024,35795.638279,78251.9024,12964.928842,137798.4,22830.709437,-60164.0505,-9968.097904,-46730.7332,-7742.439632,-13433.3173,-2225.658272,2014-04-01,371936.55429999996,0.721527580236333,16.896657440244844,-4.435782695200463
,2014-05-01,166168.0884,28019.237643,35340.3932,5959.091689,130827.6952,22060.145954,231638.5377,39058.854636,84605.8443,14266.224474,147032.6934,24792.630162,-65470.4493,-11039.616993,-49265.451,-8307.132785,-16204.9982,-2732.484208,2014-05-01,397806.6261,0.7173594258102589,21.199380813926496,-4.272317882823041
,2014-06-01,154861.5579,25926.627001,33496.3222,5607.890454,121365.2357,20318.736547,229081.5106,38352.390109,78757.54,13185.436468,150323.9756,25166.953641,-74219.9526,-12425.763108,-45261.2128,-7577.546014,-28958.7399,-4848.217094,2014-06-01,383943.06850000005,0.6760107242806003,10.501547886985607,11.114048867600568
,2014-07-01,155045.4782,25815.699795,32091.3186,5343.334445,122954.1596,20472.36535,240642.8299,40068.005067,87532.1046,14574.449721,153110.7253,25493.555346,-85597.3517,-14252.305272,-55440.786,-9231.115276,-30156.5657,-5021.189996,2014-07-01,395688.3081,0.6442971031566979,0.39839439008100275,5.039311532363699
,2014-08-01,163353.2041,26825.30061,32452.0149,5329.158103,130901.1892,21496.142507,228191.2565,37472.782204,78035.7835,12814.767589,150155.473,24658.014615,-64838.0524,-10647.481594,-45583.7687,-7485.609486,-19254.2838,-3161.872108,2014-08-01,391544.4606,0.715860925635422,-1.8777068175797385,-2.4978067393574777
,2014-09-01,175836.5798,28889.652138,37537.0928,6167.280782,138299.487,22722.371356,263799.1182,43341.748368,88699.4752,14573.173567,175099.643,28768.574801,-87962.5384,-14452.09623,-51162.3824,-8405.892785,-36800.156,-6046.203445,2014-09-01,439635.69800000003,0.6665548429418517,-1.9711524446584638,20.785207644593505
,2014-10-01,158966.0847,25914.721576,35148.7489,5729.964618,123817.3358,20184.756958,242109.2397,39468.755455,76783.2826,12517.244726,165325.9571,26951.510729,-83143.1551,-13554.033879,-41634.5337,-6787.280108,-41508.6213,-6766.753771,2014-10-01,401075.32440000004,0.6565882611377264,-6.115257902547244,3.2002098533902235
,2014-11-01,163534.915,26503.044384,28925.8004,4687.817098,134609.1146,21815.227286,263615.7232,42722.49263,72192.776,11699.815567,191422.9472,31022.677063,-100080.8082,-16219.448246,-43266.9756,-7011.998469,-56813.8326,-9207.449777,2014-11-01,427150.63820000004,0.6203534182819942,7.884491559103379,24.62338289673358
2014.0,2014-12-01,164242.1313,26172.793394,28380.4724,4522.568234,135861.6588,21650.22516,221726.8824,35333.272018,62523.5953,9963.443238,159203.2871,25369.82878,-57484.7511,-9160.478624,-34143.1229,-5440.875004,-23341.6282,-3719.60362,2014-12-01,385969.0137,0.7407407235524275,0.5152452690035947,-2.0937022101631952
,2015-01-01,151925.5907,24415.169792,18810.6704,3022.964779,133114.9203,21392.205013,200774.1772,32265.37127,51281.5104,8241.184196,149492.6667,24024.187074,-48848.5864,-7850.201478,-32470.84,-5218.219417,-16377.7464,-2631.982061,2015-01-01,352699.7679,0.7566988584824842,-8.989618092377361,-11.013601287391396
,2015-02-01,136532.627,22008.044543,15853.8334,2555.520109,120678.7936,19452.524434,178205.3514,28725.378102,37882.2169,6106.331793,140323.1344,22619.046309,-41672.7243,-6717.333559,-22028.3835,-3550.811684,-19644.3408,-3166.521875,2015-02-01,314737.9784,0.7661533502074169,-13.460495000386729,-14.935884110559162
,2015-03-01,150092.9601,24034.177853,16524.657,2646.070443,133568.3031,21388.10741,221251.6492,35428.720215,46328.4508,7418.510681,174923.1984,28010.209534,-71158.6891,-11394.542362,-29803.7938,-4772.440238,-41354.8954,-6622.102124,2015-03-01,371344.6093,0.6783812036778255,-18.922503088450725,-12.185604621272539
,2015-04-01,138918.1003,22137.213767,17247.9434,2748.536083,121670.1568,19388.677684,210264.042,33506.505086,46959.67,7483.231923,163304.367,26023.273163,-71345.9417,-11369.291319,-29711.7315,-4734.69584,-41634.2102,-6634.595479,2015-04-01,349182.14229999995,0.6606840569534946,-10.884957071701852,-2.6782005559460864
,2015-05-01,143736.2073,22529.080184,16573.02,2597.6,127163.19,19931.356812,209505.8762,32837.757293,54634.5113,8563.362754,154871.3649,24274.394539,-65769.6688,-10308.677109,-38060.9582,-5965.639382,-27708.7106,-4343.037727,2015-05-01,353242.0835,0.6860724381915929,-13.499512039882145,-9.554826981624476
,2015-06-01,142560.8557,22323.722676,19111.1657,2992.633298,123449.69,19331.089378,214164.7353,33536.23371,55514.5685,8693.072343,158650.1668,24843.161367,-71603.8796,-11212.511034,-36403.4028,-5700.439045,-35200.4767,-5512.071989,2015-06-01,356725.591,0.6656598038902252,-7.943031419032387,-6.511557943253765
,2015-07-01,148149.9487,23281.205117,20337.0851,3195.896143,127812.8636,20085.308974,231453.6668,36372.069889,60364.9392,9486.122296,171088.7275,26885.947593,-83303.718,-13090.864772,-40027.8541,-6290.226153,-43275.8639,-6800.638619,2015-07-01,379603.6155,0.6400846905917328,-4.447423801102513,-3.818590025648627
,2015-08-01,140443.4394,21582.676479,18436.6432,2833.255187,122006.7962,18749.421292,221126.9241,33981.728683,47943.6439,7367.750003,173183.2802,26613.97868,-80683.4847,-12399.052204,-29507.0007,-4534.494816,-51176.484,-7864.557388,2015-08-01,361570.3635,0.6351259122859567,-14.024680339894235,-3.095794513932215
,2015-09-01,144820.4088,21870.31423,17132.8535,2587.348635,127687.5553,19282.965595,212138.2945,32036.445496,44217.4421,6677.576429,167920.8524,25358.869067,-67317.8857,-10166.131266,-27084.5886,-4090.227794,-40233.2971,-6075.903472,2015-09-01,356958.7033,0.6826698081142536,-17.63920285260234,-19.583395142675663
,2015-10-01,139589.165,21456.110713,16474.4825,2532.276208,123114.6825,18923.834505,202644.7969,31148.328745,44683.6769,6868.283204,157961.12,24280.045541,-63055.6319,-9692.218032,-28209.1944,-4336.006996,-34846.4375,-5356.211036,2015-10-01,342233.9619,0.6888366596892378,-12.189341982327884,-16.30026299239996
,2015-11-01,129331.1116,19560.91709,15396.4704,2328.66692,113934.6412,17232.25017,197666.3593,29896.404965,42694.2855,6457.374189,154972.0738,23439.030776,-68335.2477,-10335.487875,-27297.8151,-4128.707269,-41037.4325,-6206.780606,2015-11-01,326997.4709,0.654289946240741,-20.91529102516121,-25.017234594146544
2015.0,2015-12-01,150461.5668,22593.353382,17029.5599,2557.163748,133432.007,20036.189634,227067.2802,34096.490036,44423.2597,6670.609842,182644.0205,27425.880194,-76605.7134,-11503.136654,-27393.6999,-4113.446094,-49212.0135,-7389.69056,2015-12-01,377528.847,0.662629889552885,-8.390395564721953,2.4085477332269623
,2016-01-01,142568.3227,21199.025451,14039.891,2087.644736,128528.4317,19111.380715,194134.0584,28866.530777,33991.2867,5054.293567,160142.7716,23812.23721,-51565.7357,-7667.505326,-19951.3958,-2966.648831,-31614.3399,-4700.856495,2016-01-01,336702.3811,0.7343807875599431,-6.15911246873303,-3.3072573836950614
,2016-02-01,142246.4273,20845.724216,13192.7713,1933.355219,129053.6561,18912.368997,187100.8127,27418.979994,32755.4688,4800.201182,154345.3439,22618.778812,-44854.3854,-6573.255778,-19562.6976,-2866.845963,-25291.6878,-3706.409815,2016-02-01,329347.24,0.7602662182343369,4.184933979187266,4.991691456017633
,2016-03-01,153558.8507,22911.742382,14665.8761,2188.22147,138892.9746,20723.520912,183038.6916,27310.280823,32321.9347,4822.593014,150716.7569,22487.687809,-29479.8409,-4398.538441,-17656.0586,-2634.371544,-11823.7824,-1764.166897,2016-03-01,336597.5423,0.8389420256323555,2.309162666717257,-17.271264525335805
,2016-04-01,138678.4573,20863.472334,13615.7284,2048.417456,125062.7289,18815.054878,170754.6783,25689.177558,37994.3791,5716.062114,132760.2993,19973.115444,-32076.221,-4825.705224,-24378.6507,-3667.644658,-7697.5703,-1158.060566,2016-04-01,309433.13560000004,0.8121502654021281,-0.17250667802285458,-18.790356793388373
,2016-05-01,149918.031,22407.028245,14218.6193,2125.141332,135699.4118,20281.886913,189253.8534,28286.233407,40119.4676,5996.330355,149134.3858,22289.903052,-39335.8224,-5879.205162,-25900.8484,-3871.189023,-13434.974,-2008.016139,2016-05-01,339171.8844,0.7921531229440214,4.300811755174205,-9.66656552423707
,2016-06-01,152465.0535,22655.583607,17504.1176,2601.028827,134960.9358,20054.55478,208061.9136,30917.01308,49068.5933,7291.360108,158993.3203,23625.652972,-55596.8601,-8261.429473,-31564.4756,-4690.331281,-24032.3845,-3571.098192,2016-06-01,360526.9671,0.7327869424152024,6.947347328527598,-2.849592250307331
,2016-07-01,145788.546,21692.270863,17292.0955,2572.937503,128496.4505,19119.33336,196953.5395,29305.248157,45854.0552,6822.748504,151099.4842,22482.499653,-51164.9934,-7612.977294,-28561.9598,-4249.811001,-22603.0337,-3363.166293,2016-07-01,342742.08550000004,0.7402179537880302,-1.5939274503441014,-14.90584607147818
,2016-08-01,144570.0315,21597.086255,16655.5675,2488.148651,127914.4639,19108.937604,196154.4415,29303.198987,45448.4702,6789.474433,150705.9713,22513.724554,-51584.41,-7706.112732,-28792.9027,-4301.325782,-22791.5073,-3404.78695,2016-08-01,340724.473,0.737021453067633,2.938259072570104,-11.293279957490265
,2016-09-01,151955.5421,22769.070768,17178.2872,2574.000486,134777.2549,20195.070282,212496.0505,31840.481481,46124.1471,6911.258111,166371.9034,24929.22337,-60540.5083,-9071.410713,-28945.8598,-4337.257625,-31594.6485,-4734.153088,2016-09-01,364451.5926,0.715098194730918,4.926883827440198,0.16864281898900657
,2016-10-01,155926.7293,23360.614495,18529.0904,2775.989352,137397.6389,20584.625143,230246.8057,34495.092014,48467.0231,7261.227439,181779.7826,27233.864575,-74320.0764,-11134.477519,-29937.9327,-4485.238087,-44382.1437,-6649.239432,2016-10-01,386173.53500000003,0.677215602735287,11.704034693523656,13.620882066673978
,2016-11-01,135699.473,20066.25774,16440.0784,2431.040042,119259.3946,17635.217698,226288.2051,33461.865209,46419.986,6864.252204,179868.2191,26597.613005,-90588.7321,-13395.607469,-29979.9076,-4433.212162,-60608.8245,-8962.395307,2016-11-01,361987.6781,0.5996754136612311,4.924075360688374,14.479877052098855
2016.0,2016-12-01,163344.4468,24056.477749,19605.8325,2887.439903,143738.6143,21169.037846,234952.1544,34602.469917,52059.2749,7667.00564,182892.8795,26935.464277,-71607.7076,-10545.992168,-32453.4424,-4779.565737,-39154.2652,-5766.426431,2016-12-01,398296.60120000003,0.6952242988243057,8.562239696150776,3.4724836590525276
,2017-01-01,152202.6979,22356.316704,18700.2292,2746.786025,133502.4688,19609.530679,219635.1272,32261.139355,55648.6762,8173.964337,163986.451,24087.175018,-67432.4293,-9904.822651,-36948.447,-5427.178312,-30483.9823,-4477.644339,2017-01-01,371837.8251,0.6929797607529512,6.757725010396021,13.135803686469472
,2017-02-01,165855.6352,24384.971731,17034.1321,2539.546043,148821.5031,22187.2,229723.1046,34248.437052,51781.2109,7719.839727,177941.8936,26528.597325,-63867.4694,-9863.465321,-34747.0789,-5180.293684,-29120.3905,-4683.171637,2017-02-01,395578.7398,0.7219806448671859,16.59739956083943,22.78038843601451
,2017-03-01,193028.9098,28892.798379,24735.2553,3754.780562,168293.6545,25546.8,263155.493,39946.672104,64231.8831,9750.318865,198923.6099,30196.353239,-70126.5832,-11053.873725,-39496.6279,-5995.538303,-30629.9554,-5058.335422,2017-03-01,456184.40280000004,0.7335165517521611,25.70353901457012,43.77041853810981
,2017-04-01,158552.0917,24579.014311,18316.0572,2839.386239,140236.0345,21739.628072,250511.0676,38834.650411,47710.9037,7396.225176,202800.1639,31438.425235,-91958.9758,-14255.6361,-29394.8465,-4556.838937,-62564.1293,-9698.797163,2017-04-01,409063.1593,0.6329145183843365,14.330729362678007,46.70817227032309
,2017-05-01,154278.2959,23947.03531,15693.2142,2435.896474,138585.0817,21511.138836,246610.0359,38278.742888,49831.3438,7734.807685,196778.6921,30543.935203,-92331.74,-14331.707578,-34138.1296,-5298.911211,-58193.6104,-9032.796367,2017-05-01,400888.3318,0.6255961779372176,2.9084326087500445,30.306480671109014
,2017-06-01,148300.429,23012.651391,14039.843,2178.64517,134260.586,20834.006221,238793.6961,37055.024664,49473.867,7677.151442,189319.8291,29377.873222,-90493.267,-14042.373273,-35434.0239,-5498.506272,-55059.2431,-8543.867001,2017-06-01,387094.1251,0.621039966389632,-2.73152726109791,14.770498823288714
,2017-07-01,143689.174,22292.633411,17193.6585,2667.507318,126495.5155,19625.126093,220536.1307,34215.041814,49576.8874,7691.598037,170959.2433,26523.443777,-76846.9567,-11922.408403,-32383.229,-5024.090719,-44463.7278,-6898.317684,2017-07-01,364225.3047,0.6515448219025092,-1.44001161792231,11.973682351618775
,2017-08-01,149398.8975,23355.109487,18538.1504,2898.016906,130860.747,20457.092581,230737.9615,36070.616348,49911.6757,7802.55183,180826.2858,28268.064518,-81339.064,-12715.506861,-31373.5252,-4904.534924,-49965.5387,-7810.971937,2017-08-01,380136.859,0.6474829565485261,3.3401569812897103,17.630760606560123
,2017-09-01,184088.9431,28567.096732,22367.1475,3470.955168,161721.7956,25096.141564,244634.8585,37962.669459,52642.3683,8169.09266,191992.4902,29793.576799,-60545.9153,-9395.572727,-30275.2208,-4698.137492,-30270.6946,-4697.435235,2017-09-01,428723.8016,0.7525049546444748,21.14658047736977,15.124426041979543
,2017-10-01,148962.6419,22888.701041,19807.0499,3043.431823,129155.592,19845.269218,244064.2013,37501.433058,60586.1026,9309.295088,183478.0987,28192.13797,-95101.5594,-14612.732017,-40779.0526,-6265.863265,-54322.5068,-8346.868752,2017-10-01,393026.8432,0.6103420374907723,-4.466256318761907,6.00112368898762
,2017-11-01,170541.0119,26292.657425,23370.1176,3603.018932,147170.8943,22689.638493,268467.5282,41390.189147,61933.9678,9548.486772,206533.5604,31841.702375,-97926.5163,-15097.531722,-38563.8502,-5945.46784,-59362.666,-9152.063882,2017-11-01,439008.5401,0.6352388798877465,25.675515261581026,18.639647206252018
2017.0,2017-12-01,178802.7659,27832.559814,23883.915,3717.786398,154918.8509,24114.773416,270015.443,42030.787058,66458.794,10345.020961,203556.649,31685.766097,-91212.6771,-14198.227244,-42574.8791,-6627.234563,-48637.7981,-7570.992681,2017-12-01,448818.2089,0.6621945912182511,9.46363307895448,14.923586757287488
,2018-01-01,161687.0059,25407.743953,25210.6875,3961.646064,136476.3185,21446.097889,259009.8812,40701.209668,74194.5179,11659.040249,184815.3633,29042.169419,-97322.8753,-15293.465715,-48983.8304,-7697.394185,-48339.0449,-7596.07153,2018-01-01,420696.8871,0.6242503380600755,6.231366546624129,17.92734818968431
,2018-02-01,167569.647,26030.721477,21349.6475,3316.51192,146219.9995,22714.209557,243791.7709,37871.272328,65635.2125,10195.951225,178156.5584,27675.321103,-76222.1239,-11840.550851,-44285.565,-6879.439305,-31936.5589,-4961.111546,2018-02-01,411361.4179,0.6873474292482774,1.0334359745649557,6.124184297655533
,2018-03-01,189647.8199,29167.029889,21404.8345,3291.972701,168242.9854,25875.057188,278298.7378,42801.16479,72288.4197,11117.65216,206010.3181,31683.51263,-88650.9179,-13634.134901,-50883.5852,-7825.679459,-37767.3327,-5808.455442,2018-03-01,467946.5577,0.6814541143779489,-1.75159767700247,5.754485542887755
,2018-04-01,170322.6824,25949.464389,18380.0244,2800.283448,151942.658,23149.180941,262328.2797,39966.951126,68681.7273,10463.985218,193646.5524,29502.965908,-92005.5973,-14017.486737,-50301.7029,-7663.70177,-41703.8945,-6353.784967,2018-04-01,432650.9621,0.6492730505257835,7.423800325681862,4.71724152278532
,2018-05-01,195492.5985,28944.971019,34947.3719,5174.368127,160545.2266,23770.602892,296614.6343,43917.274066,78167.3551,11573.59335,218447.2792,32343.680716,-101122.0358,-14972.303047,-43219.9832,-6399.225223,-57902.0527,-8573.077824,2018-05-01,492107.2328,0.6590794111064533,26.714258385842072,20.27678971681297
,2018-06-01,184113.0123,27158.075424,26184.9423,3862.478963,157928.07,23295.596461,303757.7368,44806.585904,86535.3006,12764.617728,217222.4362,32041.968176,-119644.7244,-17648.51048,-60350.3583,-8902.138765,-59294.3661,-8746.371715,2018-06-01,487870.7491,0.6061179354296532,24.14867141078869,27.205090318965098
,2018-07-01,176914.6009,25754.235583,26395.799,3842.552414,150518.8019,21911.683169,304916.7598,44388.072262,84707.5938,12331.25654,220209.166,32056.815722,-128002.1589,-18633.836679,-58311.7948,-8488.704126,-69690.3641,-10145.132553,2018-07-01,481831.36069999996,0.5802062209241671,23.12312471084286,38.26158953282115
,2018-08-01,193397.1243,27808.31876,25836.1746,3714.949647,167560.9498,24093.369113,318043.8555,45731.108757,83032.2835,11939.103117,235011.572,33792.00564,-124646.7311,-17922.789997,-57196.1089,-8224.15347,-67450.6222,-9698.636527,2018-08-01,511440.9798,0.6080831965640663,29.45016833206551,37.83768107875911
,2018-09-01,201234.9546,27865.972165,30544.9237,4229.702534,170690.0309,23636.269631,309222.9359,42819.587442,79373.4459,10991.222901,229849.4899,31828.364541,-107987.9813,-14953.615277,-48828.5222,-6761.520367,-59159.459,-8192.09491,2018-09-01,510457.8905,0.6507762886808552,9.313982258394526,26.40182915714768
,2018-10-01,196406.4318,26673.950264,31253.972,4244.600805,165152.4598,22429.349459,328973.5579,44677.886899,103864.8493,14105.881427,225108.7086,30572.005472,-132567.1261,-18003.936635,-72610.8773,-9861.280622,-59956.2488,-8142.656013,2018-10-01,525379.9897,0.5970280196796327,31.849455202230814,34.78976275411678
,2018-11-01,187335.1433,26071.56472,33813.2858,4705.818975,153521.8576,21365.745745,313680.8476,43655.186161,97134.4471,13518.269922,216546.4005,30136.916239,-126345.7042,-17583.621441,-63321.1613,-8812.450947,-63024.5429,-8771.170494,2018-11-01,501015.9909,0.5972157520400682,9.84756171720591,16.841261847621823
2018.0,2018-12-01,197044.7571,27858.291132,28777.2255,4068.539235,168267.5316,23789.751897,299553.399,42351.016666,76275.5435,10783.876325,223277.8555,31567.140341,-102508.6419,-14492.725534,-47498.318,-6715.33709,-55010.324,-7777.388444,2018-12-01,496598.15609999996,0.6577950968267932,10.202298106620056,10.93935801294148
,2019-01-01,186786.9463,26407.364294,22705.06,3209.971593,164081.8863,23197.392701,293224.721,41455.209687,79596.6703,11253.132591,213628.0508,30202.077096,-106437.7747,-15047.845393,-56891.6102,-8043.160998,-49546.1645,-7004.684395,2019-01-01,480011.66730000003,0.637009545658328,15.523783287522686,13.209858883175318
,2019-02-01,191316.537,26862.075442,21960.4294,3083.385912,169356.1076,23778.68953,260608.5918,36591.126743,67048.3094,9414.014991,193560.2824,27177.111752,-69292.0548,-9729.051301,-45087.8799,-6330.629079,-24204.1748,-3398.422222,2019-02-01,451925.1288,0.7341144652161848,14.171355269370478,6.898026474773022
,2019-03-01,227370.013,32725.186271,25130.0446,3616.947462,202239.9684,29108.238809,303555.0944,43690.4449,81847.5124,11780.247787,221707.582,31910.197113,-76185.0814,-10965.258629,-56717.4679,-8163.300325,-19467.6136,-2801.958304,2019-03-01,530925.1074,0.7490238747249962,19.890654751470738,9.075268109246881
,2019-04-01,180772.6477,26037.651825,24689.2105677,3556.119133,156082.3117399,22481.37059,294283.702,42387.256496,80288.0376101,11564.31577,213995.6643746,30822.94073,-113511.0543,-16349.604671,-55598.9067,-8008.208106,-57912.1476,-8341.396565,2019-04-01,475056.3497,0.6142801876945262,6.135392628128322,12.181462988490743
,2019-05-01,208270.6753,29849.709402,34353.2347843,4923.564352,173897.81824,24923.33276,325724.2395,46683.354924,87864.1045956,12592.83372,237860.1348602,34090.52121,-117453.5642,-16833.645522,-53510.8698,-7669.269364,-63942.6944,-9164.376158,2019-05-01,533994.9148,0.6394079716624835,6.536348126755298,9.813947740204277
,2019-06-01,173787.1342,25027.345537,18312.8072534,2637.254806,155477.9781998,22390.61655,284925.1297,41032.494584,77806.4383818,11205.02174,207118.691316,29827.47284,-111137.9955,-16005.149047,-59493.7162,-8567.779187,-51644.2793,-7437.36986,2019-06-01,458712.2639,0.6099396511040704,-5.608445579704413,-6.199877342515158
,2019-07-01,180495.4775,26231.643087,23991.8394964,3486.76534,156517.4156155,22746.88007,278196.4176,40430.648303,67078.760987,9748.643852,211117.6565691,30682.00445,-97700.9401,-14199.005216,-43087.0592,-6261.89853,-54613.8808,-7937.106686,2019-07-01,458691.89509999997,0.6488059014459431,2.0240706995258595,-8.763159564441892
,2019-08-01,184892.9978,25987.936959,22820.6905219,3207.599411,162100.5430102,22784.30626,283530.4353,39852.083073,78255.6942588,10999.35685,205274.7124236,28852.72221,-98637.4374,-13864.146114,-55446.6427,-7793.393376,-43190.7947,-6070.752738,2019-08-01,468423.4331,0.6521098788014311,-4.39723523851796,-10.851780219347763
,2019-09-01,185565.5477,26013.728169,24526.9130854,3438.334633,161115.4065644,22586.15591,268891.091,37694.818924,64815.6017566,9086.252611,204075.4892757,28608.56631,-83325.5433,-11681.090755,-40327.357,-5653.338749,-42998.1863,-6027.752006,2019-09-01,454456.6387,0.6901141536890859,-7.786622821639755,-13.04296681053534
,2019-10-01,186211.2395,26212.38913,24466.4952149,3444.074022,161891.5640569,22788.98248,269852.8611,37986.365411,69111.0459634,9728.551474,200741.8151682,28257.81394,-83641.6216,-11773.976281,-44656.3824,-6286.142951,-38985.2393,-5487.83333,2019-10-01,456064.1006,0.6900473048199229,-5.1908647830747885,-17.971261026994544
,2019-11-01,183948.7695,25744.491675,27278.9138683,3817.811723,156863.3544553,21953.76101,275255.1342,38523.244936,79090.6602624,11069.10826,196164.5364948,27454.14544,-91306.3647,-12778.753261,-51823.7959,-7252.982924,-39482.5688,-5525.770337,2019-11-01,459203.90369999997,0.6682846081495544,-1.8076553818719643,-12.24993929148004
2019.0,2019-12-01,192903.8322,27096.050954,25854.3606229,3631.607864,167130.1128178,23475.77029,281880.7265,39594.104767,76310.5193269,10718.88361,205570.3421299,28875.24012,-88976.8943,-12498.053813,-50469.8828,-7089.203485,-38507.0115,-5408.850328,2019-12-01,474784.5587,0.6843455904034645,-2.1015148847114307,-5.899673500282998
,2020-01-01,184369.7309,25853.303508,22720.2052931,3185.947917,161649.5255832,22667.35559,293452.6881,41149.495366,92773.4188187,13009.18179,200679.2692721,28140.31358,-109082.9572,-15296.191858,-70053.2135,-9823.233869,-39029.7437,-5472.957989,2020-01-01,477822.419,0.6282775328920218,-1.2941029594850328,0.07774484334832632
,2020-02-01,198328.8631,27742.764606,24606.1924268,3441.979127,173722.6706845,24300.78548,270973.3923,37904.473,77068.3819189,10780.5286,193905.0103412,27123.9444,-72644.5292,-10161.708394,-52462.1895,-7338.549477,-20182.3397,-2823.158917,2020-02-01,469302.2554,0.7319126849193598,3.6653005589370347,3.9771522605648757
,2020-03-01,159784.6169,21490.667493,18719.1098173,2517.677694,141065.5070327,18972.9898,233988.47,31470.916906,74704.8578172,10047.63343,159283.6121889,21423.28348,-74203.8532,-9980.249413,-55985.748,-7529.955737,-18218.1052,-2450.293676,2020-03-01,393773.0869,0.6828738907519674,-29.72485034778971,-22.917297611988285
,2020-04-01,77557.40755,10173.264466,9449.6171319,1239.513506,68107.7904184,8933.75096,130255.9854,17085.777269,35445.1287726,4649.364645,94810.856643,12436.412624,-52698.57787,-6912.512803,-25995.5116,-3409.851139,-26703.0662,-3502.661664,2020-04-01,207813.39295,0.5954229843014953,-57.09671317161329,-55.737954730500164
,2020-05-01,145619.1565,19246.54352,13314.5367776,1759.787772,132304.6196792,17486.755748,172957.5347,22859.868291,27042.1269045,3574.169001,145915.4077981,19285.69929,-27338.37825,-3613.324771,-13727.5901,-1814.381229,-13610.7881,-1798.943542,2020-05-01,318576.6912,0.8419358934121072,-30.081776375745008,-46.90062521429267
,2020-06-01,166850.0304,22033.154907,14582.592419,1925.684488,152267.4379391,20107.470419,161476.4383,21323.55235,37617.6110493,4967.542658,123858.8272394,16356.009692,5373.592069,709.602557,-23035.0186,-3041.85817,28408.6107,3751.460727,2020-06-01,328326.46869999997,1.033277871103502,-3.99172460719478,-43.326712364746534
,2020-07-01,178352.3429,23782.4052,13295.6394317,1772.907939,165056.7034588,22009.497259,218351.2523,29116.06252,49071.1437891,6543.394995,169280.1085018,22572.667528,-39998.9093999999,-5333.65733,-35775.5044,-4770.48706,-4223.40504,-563.17027,2020-07-01,396703.5952,0.8168139226193025,-1.187361938195941,-21.51183894324885
,2020-08-01,170470.6128,22829.285673,14199.9165656,1901.641253,156270.6962425,20927.64442,231736.8174,31034.005771,48177.675167,6451.915007,183559.1421916,24582.090764,-61266.20455,-8204.720098,-33977.7586014,-4550.273754,-27288.4459491,-3654.446344,2020-08-01,402207.4302,0.735621619009945,-7.800395456620157,-18.267392650527214
,2020-09-01,202508.5415,27559.04433,25917.0864198,3527.01236,176591.4550462,24032.031965,224254.0231,30518.34989,42812.5285677,5826.284455,181441.4945084,24692.065439,-21745.48161,-2959.305569,-16895.44215,-2299.272095,-4850.039462,-660.033474,2020-09-01,426762.5646,0.9030319220168318,9.130463068172222,-16.600426490143562
,2020-10-01,183060.6025,24920.41079,11513.1489515,1567.308295,171547.4535889,23353.102492,250299.9327,34073.83709,44076.8777326,6000.274672,206223.0550098,28073.562422,-67239.3302,-9153.426307,-32563.72878,-4432.966377,-34675.60142,-4720.45993,2020-10-01,433360.53520000004,0.7313649689207448,-1.6919692970520095,-7.245773982271841
,2020-11-01,175306.78,23619.94784,11558.7245294,1557.36401,163748.0554569,22062.583827,250954.1611,33812.29273,46868.3763229,6314.807689,204085.7848208,27497.485036,-75647.38116,-10192.34489,-35309.65179,-4757.443679,-40337.72936,-5434.901209,2020-11-01,426260.9411,0.6985609612193038,-4.698041483773007,-8.828526730528818
2020.0,2020-12-01,200294.503,27216.29376,17196.0780801,2336.626833,183098.424903,24879.666929,315970.7722,42934.5448,70863.3421465,9629.008793,245107.4300312,33305.536004,-115676.2692,-15718.25104,-53667.26407,-7292.38196,-62009.00513,-8425.869075,2020-12-01,516265.27520000003,0.6339019954453876,3.8312721503310776,12.093783822428183
,2021-01-01,201330.6975,27538.27805,15616.1543171,2135.998144,185714.5432112,25402.279909,307279.3261,42030.07094,68900.4604225,9424.295701,238378.865705,32605.775243,-105948.6286,-14491.79289,-53284.30611,-7288.297557,-52664.32249,-7203.495334,2021-01-01,508610.0236,0.6552041754819509,9.199431228328603,4.711709437566403
,2021-02-01,201049.8678,27633.25189,17979.2813874,2471.158099,183070.5863956,25162.093794,296472.9378,40748.65307,65709.6414724,9031.446184,230763.2963368,31717.206881,-95423.07003,-13115.40117,-47730.36009,-6560.288085,-47692.70994,-6555.113087,2021-02-01,497522.8056,0.6781390210246704,1.371966065588781,9.410350323905226
,2021-03-01,256642.679,35256.60211,26273.5686714,3609.363652,230369.1102839,31647.238461,355948.5193,48898.86342,74768.2161877,10271.375221,281180.303093,38627.488203,-99305.84033,-13642.26131,-48494.64752,-6662.011569,-50811.19281,-6980.249742,2021-03-01,612591.1983,0.7210106661061759,60.61788924312903,52.12224743381586
,2021-04-01,229006.3487387,30750.582034,27001.0847113,3625.659599,202005.2640274,27124.922435,342900.3922926,46044.07977,80168.1067064,10764.836647,262732.2855862,35279.243123,-113894.0435539,-15293.497736,-53167.022,-7139.177048,-60727.02156,-8154.320688,2021-04-01,571906.7410313,0.6678509383077252,195.2733413517765,163.25115981395814
,2021-05-01,236647.1750213,32298.976908,38929.0382813,5313.260588,197718.13674,26985.71632,284532.4609322,38834.637905,69376.9037259,9468.961589,215155.5572063,29365.676316,-47885.2859109,-6535.660997,-30447.86544,-4155.701001,-17437.42047,-2379.959996,2021-05-01,521179.63595350005,0.8317053676265416,62.511018954638686,64.51001190883652
,2021-06-01,239012.9547065,32492.996104,29075.2615316,3952.682629,209937.6931749,28540.313475,309667.6734489,42098.264095,78548.6524492,10678.421389,231119.0209997,31419.842706,-70654.7187424,-9605.267991,-49473.39092,-6725.73876,-21181.32782,-2879.529231,2021-06-01,548680.6281554,0.7718369568399295,43.25017150641166,91.77266770869814
,2021-07-01,264666.3678979,35512.816497,43523.9515964,5840.024637,221142.4163015,29672.79186,343919.548469,46146.973137,92428.8619083,12402.063939,251490.6865607,33744.909198,-79253.1805711,-10634.15664,-48904.9103119,-6562.039302,-30348.2702592,-4072.117338,2021-07-01,608585.9163669,0.7695589537614096,48.39522912591916,57.50747698780201
,2021-08-01,247633.6267714,33380.732323,34535.4939635,4655.345452,213098.1328079,28725.386871,334519.6016984,45092.863104,70053.9247358,9443.189662,264465.6769626,35649.673442,-86885.974927,-11712.130781,-35518.4307723,-4787.84421,-51367.5441547,-6924.286571,2021-08-01,582153.2284698,0.7402664164196404,45.2647014661286,44.3532389249081
,2021-09-01,248751.7805326,33814.611805,38219.7552113,5195.485154,210532.0253213,28619.126651,414062.0637289,56286.422959,123433.5159286,16779.202147,290628.5478003,39507.220812,-165310.2831963,-22471.811154,-85213.7607173,-11583.716993,-80096.522479,-10888.094161,2021-09-01,662813.8442615,0.600759650117249,22.835204228953486,84.63974826630434
,2021-10-01,267655.3371931,35727.72671,40122.9401336,5355.773818,227532.3970595,30371.952892,401832.5293732,53638.245923,91987.600447,12278.880332,309844.9289262,41359.365591,-134177.1921801,-17910.519213,-51864.6603134,-6923.106514,-82312.5318667,-10987.412699,2021-10-01,669487.8665663,0.6660867839908411,46.21132758103972,60.540406478982646
,2021-11-01,236861.9920573,31795.049666,40936.0232103,5495.026363,195925.968847,26300.023303,395018.2053574,53025.06888,106120.4338879,14245.022763,288897.7714695,38780.046117,-158156.2133001,-21230.019214,-65184.4106776,-8749.9964,-92971.8026225,-12480.022814,2021-11-01,631880.1974147,0.5996229764726786,35.112853055255485,57.406517439650464
2021.0,2021-12-01,295989.333187,39270.202467,50912.4464061,6754.777462,245076.8867809,32515.425005,454720.5939546,60329.774619,124323.8844204,16494.594763,330396.7095342,43835.179856,-158731.2607676,-21059.572152,-73411.4380143,-9739.817301,-85319.8227533,-11319.754851,2021-12-01,750709.9271416,0.6509257269675189,47.77706265208887,43.912233017165114
,2022-01-01,262280.1316984,35233.005675,34091.5014989,4579.630412,228188.6301995,30653.375263,391315.4453009,52566.769849,91970.8545759,12354.765961,299344.590725,40212.003888,-129035.3136025,-17333.764174,-57879.353077,-7775.135549,-71155.9605255,-9558.628625,2022-01-01,653595.5769993,0.6702524391714747,30.27329411522055,27.348445555218248
,2022-02-01,278666.417275,37153.986672,51733.9427918,6897.573934,226932.4744832,30256.412738,419255.2335307,55898.387362,118171.0218256,15755.485018,301084.2117051,40142.902344,-140588.8162557,-18744.40069,-66437.0790338,-8857.911084,-74151.7372219,-9886.489606,2022-02-01,697921.6508057,0.6646700982793925,38.60562074689413,41.41433502896261
,2022-03-01,339850.0277033,44573.710745,74768.8321442,9806.455828,265081.1955591,34767.254917,481030.8409923,63090.562692,161219.2003837,21145.026907,319811.6406086,41945.535785,-141180.813289,-18516.851947,-86450.3682395,-11338.571079,-54730.4450495,-7178.280868,2022-03-01,820880.8686956,0.7065036142011943,32.42147760751048,35.14056525316751
,2022-04-01,302372.2273403,39698.170067,59870.0618693,7860.285039,242502.165471,31837.885028,442212.703498,58057.696892,134307.1875915,17633.066414,307905.5159065,40424.630478,-139840.4761577,-18359.526825,-74437.1257222,-9772.781375,-65403.3504355,-8586.74545,2022-04-01,744584.9308382999,0.68377101098288,32.03661339769739,28.96243732513899
,2022-05-01,301573.2330243,39003.616619,65529.7459559,8475.211993,236043.4870684,30528.404626,472625.3576559,61126.440218,128469.9637599,16615.510452,344155.393896,44510.929766,-171052.1246316,-22122.823599,-62940.217804,-8140.298459,-108111.9068276,-13982.52514,2022-05-01,774198.5906802,0.6380809411497207,27.43580522233413,66.1059536432013
,2022-06-01,330095.6680465,42279.520977,82711.0782373,10593.852323,247384.5898092,31685.668654,502431.5869482,64352.758296,147852.669302,18937.358538,354578.9176462,45415.399758,-172335.9189017,-22073.237319,-65141.5910647,-8343.506215,-107194.327837,-13729.731104,2022-06-01,832527.2549947,0.6569962490844199,38.10785630923084,62.24863943737062
,2022-07-01,305159.1316172,38335.803897,64971.5834946,8162.095173,240187.5481226,30173.708724,507630.4985279,63771.393877,147710.6204056,18556.237624,359919.8781223,45215.156253,-202471.3669107,-25435.58998,-82739.036911,-10394.142451,-119732.3299997,-15041.447529,2022-07-01,812789.6301451,0.6011442033174609,15.299550162308817,47.60152506238142
,2022-08-01,294494.6300153,37017.740035,67510.4445586,8486.008991,226984.1854567,28531.731044,492279.575704,61879.149607,137821.2250878,17324.017973,354458.3506162,44555.131634,-197784.9456887,-24861.409572,-70310.7805292,-8838.008982,-127474.1651595,-16023.40059,2022-08-01,786774.2057193001,0.5982263830347798,18.923521758682305,47.16015838971226
,2022-09-01,283946.0249,35390.796762,58296.1227824,7265.980333,225649.9021176,28124.816429,508444.5914102,63372.111706,140883.801717,17559.640063,367560.7896932,45812.471643,-224498.5665102,-27981.314944,-82587.6789346,-10293.65973,-141910.8875756,-17687.655214,2022-09-01,792390.6163102,0.5584601148228553,14.148338674017102,22.794294853125052
,2022-10-01,260209.470103,31601.791937,51863.1327694,6298.648257,208346.3373336,25303.14368,476835.6121123,57910.497047,134560.9978011,16342.097936,342274.6143112,41568.399111,-216626.1420093,-26308.70511,-82697.8650317,-10043.449679,-133928.2769776,-16265.255431,2022-10-01,737045.0822153001,0.5457005800181673,-2.781886275156986,18.66525909589596
,2022-11-01,285413.099736,34887.098742,66153.6571202,8086.206175,219259.4426158,26800.892567,465922.3396969,56951.410746,133504.9442188,16318.803114,332417.3954781,40632.607632,-180509.2399609,-22064.312004,-67351.2870986,-8232.596939,-113157.9528623,-13831.715065,2022-11-01,751335.4394328999,0.6125765506793943,20.49763546147787,17.949586469147192
2022.0,2022-12-01,314061.2808604,38084.560544,68857.2059561,8349.951371,245204.0749043,29734.609173,504835.6425495,61218.764185,159544.8453763,19347.164639,345290.7971732,41871.599546,-190774.3616891,-23134.203641,-90687.6394202,-10997.213268,-100086.7222689,-12136.990373,2022-12-01,818896.9234098999,0.6221059972595057,6.1056077524194174,11.021064200998909
,2023-01-01,293195.4650348,35799.376703,63093.2702199,7703.733622,230102.1948149,28095.643081,432645.9255836,52826.378309,130040.0022834,15877.977697,302605.9233002,36948.400612,-139450.4605488,-17027.001606,-66946.7320635,-8174.244075,-72503.7284853,-8852.757531,2023-01-01,725841.3906184,0.6776799403329777,11.787142676880302,10.561934311312227
,2023-02-01,305764.6087762,37013.698236,64760.3475659,7839.429058,241004.2612103,29174.269178,442628.7327351,53581.4998469999,139479.126506,16884.355307,303149.6062291,36697.14454,-136864.1239589,-16567.801611,-74718.7789401,-9044.926249,-62145.3450188,-7522.875362,2023-02-01,748393.3415113001,0.6907924998153947,9.724240102623604,5.57500475487529
,2023-03-01,345265.0362296,41957.821273,68686.6632823,8347.044828,276578.3729473,33610.776445,501308.7046532,60920.796379,148299.9845423,18021.935554,353008.7201109,42898.860825,-156043.6684236,-18962.975106,-79613.32126,-9674.890726,-76430.3471636,-9288.08438,2023-03-01,846573.7408828,0.6887273909764856,1.5933523863142174,4.215501779276676
,2023-04-01,283943.2933936,34618.449645,52661.960755,6420.561696,231281.3326386,28197.887949,402320.3155121,49051.010857,112317.5988121,13693.794611,290002.7167,35357.216246,-118377.0221185,-14432.561212,-59655.6380571,-7273.232915,-58721.3840614,-7159.328297,2023-04-01,686263.6089057,0.7057642441748886,-6.094783938592174,-9.021085932254413
,2023-05-01,287818.0844533,34953.430945,48206.2394181,5854.300164,239611.8450352,29099.130781,473086.2673004,57452.915763,128240.2269636,15573.850812,344846.0403368,41879.064951,-185268.1828471,-22499.484818,-80033.9875455,-9719.550648,-105234.1953016,-12779.93417,2023-05-01,760904.3517537001,0.6083839340670217,-4.561130453474849,0.09752114164716108
,2023-06-01,282266.2511513,34324.887656,55566.3805252,6757.130054,226699.8706261,27567.757602,437508.4798048,53203.063818,103467.8565689,12582.172092,334040.6232359,40620.891726,-155242.2286535,-18878.176162,-47901.4760437,-5825.042038,-107340.7526098,-13053.134124,2023-06-01,719774.7309560999,0.6451674977299564,-14.489562125505506,-12.921780562752216
,2023-07-01,283341.0289949,34489.893621,55170.9720732,6715.72685,228170.0569217,27774.166771,436603.9452976,53145.933926,97042.198588,11812.532453,339561.7467096,41333.401473,-153262.9163027,-18656.040305,-41871.2265148,-5096.805603,-111391.6897879,-13559.234702,2023-07-01,719944.9742925,0.6489658008055053,-7.14974593965918,-13.99178210061709
,2023-08-01,316942.0562989,38284.776857,78986.3038705,9541.09106,237955.7524284,28743.685797,513565.9112289,62035.807183,134882.3035973,16293.006207,378683.6076316,45742.800976,-196623.85493,-23751.030326,-55895.9997268,-6751.915147,-140727.8552032,-16999.115179,2023-08-01,830507.9675278,0.6171399802227852,7.622355043429407,4.324033857073761
,2023-09-01,285749.6753805,34407.980367,53630.6486347,6457.828186,232119.0267458,27950.152181,450326.6365041,54225.188794,116267.8385455,14000.16118,334058.7979586,40225.027614,-164576.9611236,-19817.208427,-62637.1899108,-7542.332994,-101939.7712128,-12274.875433,2023-09-01,736076.3118846,0.6345386930668454,0.6352089208275347,-11.430538526313471
,2023-10-01,278285.0366077,33433.5355,48981.1827309,5884.66464,229303.8538768,27548.87086,524699.6002882,63038.110072,134366.0201662,16142.912937,390333.580122,46895.197135,-246414.5636805,-29604.574572,-85384.8374353,-10258.248297,-161029.7262452,-19346.326275,2023-10-01,802984.6368958999,0.5303702088868513,6.946544450340353,10.037838399667898
,2023-11-01,281096.4466579,33745.88191,61557.4611537,7390.028718,219538.9855042,26355.853192,456104.2584683,54755.727455,124403.5963378,14934.763898,331700.6621305,39820.963557,-175007.8118104,-21009.845545,-62846.1351841,-7544.73518,-112161.6766263,-13465.110365,2023-11-01,737200.7051262,0.6162986673307649,-1.5124228993318112,-2.107235560970744
2023.0,2023-12-01,319715.5008018,38391.029217,57368.6802629,6888.757908,262346.8205389,31502.271309,473977.5224179,56914.615874,124422.4237631,14940.485844,349555.0986548,41974.13003,-154262.0216161,-18523.586657,-67053.7435002,-8051.727936,-87208.2781159,-10471.858721,2023-12-01,793693.0232197,0.6745372632247123,1.8003556267457421,-6.112508216686452
,2024-01-01,310239.167985,37323.801296,71607.0463682,8614.796069,238632.1216168,28709.005227,446416.8116373,53706.862332,129050.3072754,15525.596096,317366.5043619,38181.266236,-136177.6436523,-16383.061036,-57443.2609072,-6910.800027,-78734.3827451,-9472.261009,2024-01-01,756655.9796223,0.6949540427188478,5.813085460983181,3.1829459702236385
,2024-02-01,343515.9630612,41405.624064,68162.5456769,8215.95805,275353.4173843,33189.666014,496321.9422581,59824.060438,140134.1317268,16891.037972,356187.8105313,42933.022466,-152805.9791969,-18418.436374,-71971.5860499,-8675.079922,-80834.393147,-9743.356452,2024-02-01,839837.9053193,0.6921232647871993,12.34654149023231,12.13052961817862
,2024-03-01,346039.7657233,41692.743606,44950.4418284,5415.87249,301089.3238949,36276.871116,470087.2614991,56638.657109,135637.8401954,16342.380999,334449.4213037,40296.27611,-124047.4957758,-14945.913503,-90687.398367,-10926.508509,-33360.0974088,-4019.404994,2024-03-01,816127.0272224001,0.7361181509573037,0.22438689482151553,-6.227987438538218
,2024-04-01,331976.4874194,39802.470777,93771.9141036,11242.82594,238204.5733158,28559.644837,454462.9927092,54488.045592,137564.8422577,16493.398823,316898.1504515,37994.646769,-122486.5052898,-14685.574815,-43792.9281541,-5250.572883,-78693.5771357,-9435.001932,2024-04-01,786439.4801286,0.7304807932553131,16.916474219807263,12.960488244479862
,2024-05-01,323404.3169,38780.797612,59554.6090901,7141.448381,263849.7078099,31639.349231,514327.3173913,61675.192584,166553.4216912,19972.13452,347773.8957001,41703.058064,-190923.0004913,-22894.394972,-106998.8126011,-12830.686139,-83924.1878902,-10063.708833,2024-05-01,837731.6342913,0.6287908613143993,12.364140534912792,8.717448157232766
,2024-06-01,295869.5190444,35445.828241,49170.2522903,5890.705892,246699.2667541,29555.122349,467412.5923692,55997.07111,125703.2765694,15059.53291,341709.3157998,40937.5382,-171543.0733248,-20551.242869,-76533.0242791,-9168.827018,-95010.0490457,-11382.415851,2024-06-01,763282.1114136,0.6329943263717176,4.819303702662081,6.835093248419355
,2024-07-01,273183.5882616,32679.534543,32320.6442722,3866.350895,240862.9439894,28813.183648,497167.2802998,59473.540889,121161.8264476,14493.96031,376005.4538522,44979.580579,-223983.6920382,-26794.006346,-88841.1821754,-10627.609415,-135142.5098628,-16166.396931,2024-07-01,770350.8685614,0.5494802234307653,-3.5848817128008803,13.871458481878474
,2024-08-01,275935.7037665,32890.092243,35277.2594546,4204.864754,240658.4443119,28685.227489,574771.895259,68509.802606,101739.491031,12126.815014,473032.404228,56382.987592,-298836.1914925,-35619.710363,-66462.2315764,-7921.95026,-232373.9599161,-27697.760103,2024-08-01,850707.5990255,0.4800786295268658,-12.938122826378063,11.917843979099318
,2024-09-01,285611.4460833,34079.176777,36053.4600315,4301.90124,249557.9860518,29777.275537,492118.6160585,58719.625963,124916.1186091,14904.999586,367202.4974494,43814.626377,-206507.1699752,-24640.449186,-88862.6585776,-10603.098346,-117644.5113976,-14037.35084,2024-09-01,777730.0621418001,0.5803711478562483,-0.04837426219852503,9.280370328264942
,2024-10-01,327572.8491335,38983.077189,37085.2160605,4413.356737,290487.633073,34569.720452,546775.8853023,65069.515466,158682.6731382,18884.162486,388093.2121641,46185.35298,-219203.0361688,-26086.438277,-121597.4570777,-14470.805749,-97605.5790911,-11615.632528,2024-10-01,874348.7344358,0.5990989323759083,17.711269397240837,4.207414109325458
,2024-11-01,269481.181528,31942.523366,29707.0436675,3521.277179,239774.1378605,28421.246187,539329.0582215,63928.512111,134208.3800869,15908.17692,405120.6781346,48020.335191,-269847.8766935,-31985.988745,-104501.3364194,-12386.899741,-165346.5402741,-19599.089004,2024-11-01,808810.2397495001,0.4996600450505029,-4.132128053555951,18.24688066554947
2024.0,2024-12-01,321282.2312338,37804.047023,40021.4318456,4709.168288,281260.7993882,33094.878735,496989.1697318,58478.808297,115542.5969791,13595.45396,381446.5727527,44883.354337,-175706.938498,-20674.761274,-75521.1651335,-8886.285672,-100185.7733645,-11788.475602,2024-12-01,818271.4009656,0.6464572083274568,0.490038934011916,4.855008143953898
,2025-01-01,313476.6798962,36338.507803,29999.3729044,3477.555148,283477.3069918,32860.952655,512679.9524888,59430.335825,115941.1008814,13440.000001,396738.8516074,45990.335824,-199203.2725926,-23091.828022,-85941.727977,-9962.444853,-113261.5446156,-13129.383169,2025-01-01,826156.632385,0.6114471189568276,1.0435535694050646,14.843334552852095
,2025-02-01,321327.2893957,36910.921551,49784.7899781,5718.787482,271542.4994176,31192.134069,443663.2167587,50963.670715,103527.8881884,11892.266494,340135.3285703,39071.404221,-122335.927363,-14052.749164,-53743.0982103,-6173.479012,-68592.8291527,-7879.270152,2025-02-01,764990.5061544,0.7242594771395344,-6.459284589795589,-10.609791954758307
,2025-03-01,364290.7256293,42047.598945,42410.9041998,4895.201992,321879.8214295,37152.396953,550211.2568489,63507.140264,164684.443989,19008.40442,385526.8128599,44498.735844,-185920.5312196,-21459.541319,-122273.5397892,-14113.202428,-63646.9914304,-7346.338891,2025-03-01,914501.9824782,0.6620924619311127,5.274237736189491,17.044494057185467
,2025-04-01,327620.9616591,38290.832955,61039.2700679,7133.989474,266581.6915912,31156.843481,559416.4511714,65382.024803,177146.811247,20704.105523,382269.6399244,44677.91928,-231795.4895123,-27091.191848,-116107.5411791,-13570.116049,-115687.9483332,-13521.075799,2025-04-01,887037.4128305,0.5856477065933121,-1.3119982665511731,23.093950474721538
,2025-05-01,326308.5634533,38303.757747,46329.311122,5438.370016,279979.2523313,32865.387731,518424.3287334,60855.2829,125635.8842996,14747.778705,392788.4444338,46107.504195,-192115.7652801,-22551.525153,-79306.5731776,-9309.408689,-112809.1921025,-13242.116464,2025-05-01,844732.8921866999,0.6294237082787532,0.8980234343000548,0.7965766552864295
,2025-06-01,300410.5086766,34970.735504,38272.4283089,4455.286806,262138.0803677,30515.448698,464624.3986917,54086.846164,118530.8648314,13798.157559,346093.5338603,40288.688605,-164213.8900151,-19116.11066,-80258.4365225,-9342.870753,-83955.4534926,-9773.239907,2025-06-01,765034.9073683,0.6465663652673057,1.5347946780278177,-0.5965165943363493
,2025-07-01,318986.07897,37042.044091,35753.8097396,4151.887112,283232.2692304,32890.156979,556092.847344,64575.907784,134076.6308567,15569.558585,422016.2164873,49006.349199,-237106.768374,-27533.863693,-98322.8211171,-11417.671473,-138783.9472569,-16116.19222,2025-07-01,875078.926314,0.5736201796040629,16.766194118710963,11.852261679140863
2025.0,2025-08-01,305471.391683,34903.676381,37530.5316555,4288.301846,267940.8600275,30615.374535,539016.5461491,61588.939731,116080.9482545,13263.604946,422935.5978946,48325.334785,-233545.1544661,-26685.26335,-78550.416599,-8975.3031,-154994.7378671,-17709.96025,2025-08-01,844487.9378321,0.5667198787595328,10.703829737630999,-6.220789395728588
